Owner,League,Year,Week,Player_ID,Player,Position,NFL,Fantasy,Points,Opponent,Age,Source_Week
joshjr11,Borehamwood (2025),2025,1,10229,Rashee Rice,WR,KC,BN,0.00,benjlev,25,1
joshjr11,Borehamwood (2025),2025,1,12490,Bhayshul Tuten,RB,JAX,BN,1.10,benjlev,23,1
joshjr11,Borehamwood (2025),2025,1,12514,Emeka Egbuka,WR,TB,BN,21.60,benjlev,22,1
joshjr11,Borehamwood (2025),2025,1,12526,Tetairoa McMillan,WR,CAR,FLEX,9.30,benjlev,22,1
joshjr11,Borehamwood (2025),2025,1,12533,Jacory Croskey-Merritt,RB,WAS,BN,14.20,benjlev,24,1
joshjr11,Borehamwood (2025),2025,1,4137,James Conner,RB,ARI,RB,12.40,benjlev,30,1
joshjr11,Borehamwood (2025),2025,1,6770,Joe Burrow,QB,CIN,QB,10.82,benjlev,28,1
joshjr11,Borehamwood (2025),2025,1,7525,DeVonta Smith,WR,PHI,WR,3.10,benjlev,26,1
joshjr11,Borehamwood (2025),2025,1,7528,Najee Harris,RB,LAC,BN,1.50,benjlev,27,1
joshjr11,Borehamwood (2025),2025,1,7564,Ja'Marr Chase,WR,CIN,WR,3.60,benjlev,25,1
joshjr11,Borehamwood (2025),2025,1,8112,Drake London,WR,ATL,WR,9.50,benjlev,23,1
joshjr11,Borehamwood (2025),2025,1,8130,Trey McBride,TE,ARI,TE,9.10,benjlev,25,1
joshjr11,Borehamwood (2025),2025,1,8259,Cameron Dicker,K,LAC,K,10.50,benjlev,25,1
joshjr11,Borehamwood (2025),2025,1,9226,De'Von Achane,RB,MIA,RB,15.00,benjlev,23,1
joshjr11,Borehamwood (2025),2025,1,9500,Josh Downs,WR,IND,BN,2.20,benjlev,23,1
joshjr11,Borehamwood (2025),2025,1,NE,New England Patriots,DEF,NE,DEF,8.00,benjlev,0,1
benjlev,Borehamwood (2025),2025,1,11628,Marvin Harrison,WR,ARI,WR,15.60,joshjr11,22,1
benjlev,Borehamwood (2025),2025,1,11635,Ladd McConkey,WR,LAC,WR,10.40,joshjr11,23,1
benjlev,Borehamwood (2025),2025,1,11655,Tyrone Tracy,RB,NYG,BN,4.50,joshjr11,25,1
benjlev,Borehamwood (2025),2025,1,1466,Travis Kelce,TE,KC,TE,11.70,joshjr11,35,1
benjlev,Borehamwood (2025),2025,1,1945,Chris Boswell,K,PIT,K,15.60,joshjr11,34,1
benjlev,Borehamwood (2025),2025,1,3198,Derrick Henry,RB,BAL,RB,28.70,joshjr11,31,1
benjlev,Borehamwood (2025),2025,1,3321,Tyreek Hill,WR,MIA,WR,6.00,joshjr11,31,1
benjlev,Borehamwood (2025),2025,1,4199,Aaron Jones,RB,MIN,BN,14.20,joshjr11,30,1
benjlev,Borehamwood (2025),2025,1,4866,Saquon Barkley,RB,PHI,RB,16.40,joshjr11,28,1
benjlev,Borehamwood (2025),2025,1,4881,Lamar Jackson,QB,BAL,QB,33.36,joshjr11,28,1
benjlev,Borehamwood (2025),2025,1,4892,Baker Mayfield,QB,TB,BN,28.58,joshjr11,30,1
benjlev,Borehamwood (2025),2025,1,5012,Mark Andrews,TE,BAL,BN,1.00,joshjr11,29,1
benjlev,Borehamwood (2025),2025,1,5892,David Montgomery,RB,DET,BN,6.30,joshjr11,27,1
benjlev,Borehamwood (2025),2025,1,8155,Breece Hall,RB,NYJ,FLEX,15.50,joshjr11,24,1
benjlev,Borehamwood (2025),2025,1,9756,Jordan Addison,WR,MIN,BN,0.00,joshjr11,23,1
benjlev,Borehamwood (2025),2025,1,SF,San Francisco 49ers,DEF,SF,DEF,10.00,joshjr11,0,1
dpol,Borehamwood (2025),2025,1,11539,Jake Bates,K,DET,K,7.00,drjkay,26,1
dpol,Borehamwood (2025),2025,1,12481,Cam Skattebo,RB,NYG,BN,1.90,drjkay,23,1
dpol,Borehamwood (2025),2025,1,12501,Matthew Golden,WR,GB,BN,2.60,drjkay,21,1
dpol,Borehamwood (2025),2025,1,12527,Ashton Jeanty,RB,LV,RB,11.00,drjkay,21,1
dpol,Borehamwood (2025),2025,1,2133,Davante Adams,WR,LAR,WR,7.10,drjkay,32,1
dpol,Borehamwood (2025),2025,1,4037,Chris Godwin,WR,TB,BN,0.00,drjkay,29,1
dpol,Borehamwood (2025),2025,1,4046,Patrick Mahomes,QB,KC,QB,28.02,drjkay,29,1
dpol,Borehamwood (2025),2025,1,5844,T.J. Hockenson,TE,MIN,TE,3.00,drjkay,27,1
dpol,Borehamwood (2025),2025,1,5859,A.J. Brown,WR,PHI,WR,1.30,drjkay,27,1
dpol,Borehamwood (2025),2025,1,6783,Jerry Jeudy,WR,CLE,BN,9.10,drjkay,26,1
dpol,Borehamwood (2025),2025,1,7049,Jauan Jennings,WR,SF,BN,2.60,drjkay,27,1
dpol,Borehamwood (2025),2025,1,8138,James Cook,RB,BUF,FLEX,18.70,drjkay,25,1
dpol,Borehamwood (2025),2025,1,9221,Jahmyr Gibbs,RB,DET,RB,10.00,drjkay,23,1
dpol,Borehamwood (2025),2025,1,9488,Jaxon Smith-Njigba,WR,SEA,WR,14.90,drjkay,23,1
dpol,Borehamwood (2025),2025,1,9997,Zay Flowers,WR,BAL,BN,24.60,drjkay,24,1
dpol,Borehamwood (2025),2025,1,ARI,Arizona Cardinals,DEF,ARI,DEF,6.00,drjkay,0,1
saulgoat,Borehamwood (2025),2025,1,11566,Jayden Daniels,QB,WAS,QB,22.12,AlastairL,24,1
saulgoat,Borehamwood (2025),2025,1,11584,Bucky Irving,RB,TB,RB,12.50,AlastairL,22,1
saulgoat,Borehamwood (2025),2025,1,11589,Trey Benson,RB,ARI,BN,8.00,AlastairL,22,1
saulgoat,Borehamwood (2025),2025,1,11632,Malik Nabers,WR,NYG,WR,9.60,AlastairL,21,1
saulgoat,Borehamwood (2025),2025,1,12457,Jaydon Blue,RB,DAL,BN,0.00,AlastairL,21,1
saulgoat,Borehamwood (2025),2025,1,12518,Tyler Warren,TE,IND,TE,11.40,AlastairL,23,1
saulgoat,Borehamwood (2025),2025,1,12529,TreVeyon Henderson,RB,NE,RB,8.10,AlastairL,22,1
saulgoat,Borehamwood (2025),2025,1,3678,Wil Lutz,K,DEN,K,9.20,AlastairL,30,1
saulgoat,Borehamwood (2025),2025,1,4981,Calvin Ridley,WR,TEN,BN,4.70,AlastairL,30,1
saulgoat,Borehamwood (2025),2025,1,5045,Courtland Sutton,WR,DEN,BN,15.10,AlastairL,29,1
saulgoat,Borehamwood (2025),2025,1,6801,Tee Higgins,WR,CIN,WR,4.80,AlastairL,26,1
saulgoat,Borehamwood (2025),2025,1,7526,Jaylen Waddle,WR,MIA,FLEX,5.00,AlastairL,26,1
saulgoat,Borehamwood (2025),2025,1,7543,Travis Etienne,RB,JAX,BN,17.10,AlastairL,26,1
saulgoat,Borehamwood (2025),2025,1,7569,Nico Collins,WR,HOU,WR,4.00,AlastairL,26,1
saulgoat,Borehamwood (2025),2025,1,8408,Jordan Mason,RB,MIN,BN,8.00,AlastairL,26,1
saulgoat,Borehamwood (2025),2025,1,PIT,Pittsburgh Steelers,DEF,PIT,DEF,2.00,AlastairL,0,1
drjkay,Borehamwood (2025),2025,1,11563,Bo Nix,QB,DEN,QB,8.84,dpol,25,1
drjkay,Borehamwood (2025),2025,1,12489,RJ Harvey,RB,DEN,BN,7.40,dpol,24,1
drjkay,Borehamwood (2025),2025,1,12504,Kaleb Johnson,RB,PIT,BN,-0.20,dpol,21,1
drjkay,Borehamwood (2025),2025,1,12507,Omarion Hampton,RB,LAC,RB,7.10,dpol,22,1
drjkay,Borehamwood (2025),2025,1,12512,Quinshon Judkins,RB,CLE,BN,0.00,dpol,21,1
drjkay,Borehamwood (2025),2025,1,12530,Travis Hunter,DB,JAX,BN,6.30,dpol,22,1
drjkay,Borehamwood (2025),2025,1,4217,George Kittle,TE,SF,TE,10.50,dpol,31,1
drjkay,Borehamwood (2025),2025,1,4988,Nick Chubb,RB,HOU,BN,6.00,dpol,29,1
drjkay,Borehamwood (2025),2025,1,5846,DK Metcalf,WR,PIT,WR,10.30,dpol,27,1
drjkay,Borehamwood (2025),2025,1,6794,Justin Jefferson,WR,MIN,FLEX,12.80,dpol,25,1
drjkay,Borehamwood (2025),2025,1,7839,Evan McPherson,K,CIN,K,5.50,dpol,25,1
drjkay,Borehamwood (2025),2025,1,8134,Khalil Shakir,WR,BUF,BN,9.40,dpol,25,1
drjkay,Borehamwood (2025),2025,1,8137,George Pickens,WR,DAL,WR,4.50,dpol,24,1
drjkay,Borehamwood (2025),2025,1,9224,Chase Brown,RB,CIN,RB,12.10,dpol,25,1
drjkay,Borehamwood (2025),2025,1,9493,Puka Nacua,WR,LAR,WR,18.10,dpol,24,1
drjkay,Borehamwood (2025),2025,1,WAS,Washington Commanders,DEF,WAS,DEF,10.00,dpol,0,1
AlastairL,Borehamwood (2025),2025,1,11533,Brandon Aubrey,K,DAL,K,11.40,saulgoat,30,1
AlastairL,Borehamwood (2025),2025,1,11564,Drake Maye,QB,NE,QB,17.28,saulgoat,22,1
AlastairL,Borehamwood (2025),2025,1,11604,Brock Bowers,TE,LV,TE,12.80,saulgoat,22,1
AlastairL,Borehamwood (2025),2025,1,11624,Xavier Worthy,WR,KC,WR,0.00,saulgoat,22,1
AlastairL,Borehamwood (2025),2025,1,11638,Ricky Pearsall,WR,SF,BN,12.80,saulgoat,24,1
AlastairL,Borehamwood (2025),2025,1,12517,Colston Loveland,TE,CHI,BN,2.20,saulgoat,21,1
AlastairL,Borehamwood (2025),2025,1,3294,Dak Prescott,QB,DAL,BN,7.82,saulgoat,31,1
AlastairL,Borehamwood (2025),2025,1,4033,David Njoku,TE,CLE,BN,5.20,saulgoat,28,1
AlastairL,Borehamwood (2025),2025,1,4034,Christian McCaffrey,RB,SF,RB,18.70,saulgoat,28,1
AlastairL,Borehamwood (2025),2025,1,4983,DJ Moore,WR,CHI,WR,7.10,saulgoat,28,1
AlastairL,Borehamwood (2025),2025,1,6790,D'Andre Swift,RB,CHI,BN,8.00,saulgoat,26,1
AlastairL,Borehamwood (2025),2025,1,7547,Amon-Ra St. Brown,WR,DET,WR,6.50,saulgoat,25,1
AlastairL,Borehamwood (2025),2025,1,7591,Justin Fields,QB,NYJ,BN,31.52,saulgoat,26,1
AlastairL,Borehamwood (2025),2025,1,8148,Jameson Williams,WR,DET,BN,4.60,saulgoat,24,1
AlastairL,Borehamwood (2025),2025,1,8150,Kyren Williams,RB,LAR,RB,13.40,saulgoat,24,1
AlastairL,Borehamwood (2025),2025,1,8151,Kenneth Walker,RB,SEA,FLEX,3.90,saulgoat,24,1
AlastairL,Borehamwood (2025),2025,1,8154,Brian Robinson,RB,WAS,BN,4.20,saulgoat,26,1
AlastairL,Borehamwood (2025),2025,1,PHI,Philadelphia Eagles,DEF,PHI,DEF,4.00,saulgoat,0,1
GSac,Borehamwood (2025),2025,1,11576,Braelon Allen,RB,NYJ,BN,6.90,sanfbe,21,1
GSac,Borehamwood (2025),2025,1,11620,Rome Odunze,WR,CHI,BN,12.70,sanfbe,22,1
GSac,Borehamwood (2025),2025,1,11631,Brian Thomas,WR,JAX,WR,8.50,sanfbe,22,1
GSac,Borehamwood (2025),2025,1,12495,Ollie Gordon,RB,MIA,BN,0.80,sanfbe,21,1
GSac,Borehamwood (2025),2025,1,2449,Stefon Diggs,WR,NE,BN,8.70,sanfbe,31,1
GSac,Borehamwood (2025),2025,1,4035,Alvin Kamara,RB,NO,RB,12.70,sanfbe,29,1
GSac,Borehamwood (2025),2025,1,4039,Cooper Kupp,WR,SEA,BN,2.50,sanfbe,31,1
GSac,Borehamwood (2025),2025,1,5927,Terry McLaurin,WR,WAS,WR,3.70,sanfbe,29,1
GSac,Borehamwood (2025),2025,1,5967,Tony Pollard,RB,TEN,FLEX,7.40,sanfbe,28,1
GSac,Borehamwood (2025),2025,1,6650,Chase McLaughlin,K,TB,K,5.80,sanfbe,29,1
GSac,Borehamwood (2025),2025,1,6786,CeeDee Lamb,WR,DAL,WR,14.50,sanfbe,26,1
GSac,Borehamwood (2025),2025,1,6813,Jonathan Taylor,RB,IND,RB,11.30,sanfbe,26,1
GSac,Borehamwood (2025),2025,1,6904,Jalen Hurts,QB,PHI,QB,24.28,sanfbe,26,1
GSac,Borehamwood (2025),2025,1,8205,Isiah Pacheco,RB,KC,BN,3.80,sanfbe,26,1
GSac,Borehamwood (2025),2025,1,9484,Tucker Kraft,TE,GB,TE,8.90,sanfbe,24,1
GSac,Borehamwood (2025),2025,1,DEN,Denver Broncos,DEF,DEN,DEF,15.00,sanfbe,0,1
sanfbe,Borehamwood (2025),2025,1,10859,Sam LaPorta,TE,DET,TE,10.90,GSac,24,1
sanfbe,Borehamwood (2025),2025,1,2216,Mike Evans,WR,TB,WR,7.60,GSac,31,1
sanfbe,Borehamwood (2025),2025,1,4195,Jake Elliott,K,PHI,K,8.80,GSac,30,1
sanfbe,Borehamwood (2025),2025,1,4663,Austin Ekeler,RB,WAS,BN,7.20,GSac,30,1
sanfbe,Borehamwood (2025),2025,1,4984,Josh Allen,QB,BUF,QB,42.76,GSac,29,1
sanfbe,Borehamwood (2025),2025,1,5850,Josh Jacobs,RB,GB,RB,13.50,GSac,27,1
sanfbe,Borehamwood (2025),2025,1,5872,Deebo Samuel,WR,WAS,BN,19.10,GSac,29,1
sanfbe,Borehamwood (2025),2025,1,6806,J.K. Dobbins,RB,DEN,BN,13.80,GSac,26,1
sanfbe,Borehamwood (2025),2025,1,7553,Kyle Pitts,TE,ATL,BN,9.40,GSac,24,1
sanfbe,Borehamwood (2025),2025,1,7594,Chuba Hubbard,RB,CAR,FLEX,16.40,GSac,25,1
sanfbe,Borehamwood (2025),2025,1,8144,Chris Olave,WR,NO,WR,8.90,GSac,24,1
sanfbe,Borehamwood (2025),2025,1,8146,Garrett Wilson,WR,NYJ,WR,19.00,GSac,24,1
sanfbe,Borehamwood (2025),2025,1,8228,Jaylen Warren,RB,PIT,BN,12.90,GSac,26,1
sanfbe,Borehamwood (2025),2025,1,9509,Bijan Robinson,RB,ATL,RB,21.40,GSac,23,1
sanfbe,Borehamwood (2025),2025,1,9753,Zach Charbonnet,RB,SEA,BN,10.70,GSac,24,1
sanfbe,Borehamwood (2025),2025,1,MIN,Minnesota Vikings,DEF,MIN,DEF,6.00,GSac,0,1
joshjr11,Borehamwood (2025),2025,2,10229,Rashee Rice,WR,KC,BN,0.00,GSac,25,2
joshjr11,Borehamwood (2025),2025,2,12490,Bhayshul Tuten,RB,JAX,BN,14.40,GSac,23,2
joshjr11,Borehamwood (2025),2025,2,12514,Emeka Egbuka,WR,TB,FLEX,10.90,GSac,22,2
joshjr11,Borehamwood (2025),2025,2,12526,Tetairoa McMillan,WR,CAR,BN,13.00,GSac,22,2
joshjr11,Borehamwood (2025),2025,2,12533,Jacory Croskey-Merritt,RB,WAS,BN,1.70,GSac,24,2
joshjr11,Borehamwood (2025),2025,2,4137,James Conner,RB,ARI,RB,11.70,GSac,30,2
joshjr11,Borehamwood (2025),2025,2,6770,Joe Burrow,QB,CIN,QB,9.04,GSac,28,2
joshjr11,Borehamwood (2025),2025,2,7525,DeVonta Smith,WR,PHI,WR,7.30,GSac,26,2
joshjr11,Borehamwood (2025),2025,2,7564,Ja'Marr Chase,WR,CIN,WR,29.50,GSac,25,2
joshjr11,Borehamwood (2025),2025,2,7588,Javonte Williams,RB,DAL,BN,22.00,GSac,25,2
joshjr11,Borehamwood (2025),2025,2,8112,Drake London,WR,ATL,WR,4.40,GSac,23,2
joshjr11,Borehamwood (2025),2025,2,8130,Trey McBride,TE,ARI,TE,10.80,GSac,25,2
joshjr11,Borehamwood (2025),2025,2,8144,Chris Olave,WR,NO,BN,8.40,GSac,24,2
joshjr11,Borehamwood (2025),2025,2,8259,Cameron Dicker,K,LAC,K,8.80,GSac,25,2
joshjr11,Borehamwood (2025),2025,2,9226,De'Von Achane,RB,MIA,RB,22.20,GSac,23,2
joshjr11,Borehamwood (2025),2025,2,NE,New England Patriots,DEF,NE,DEF,13.00,GSac,0,2
benjlev,Borehamwood (2025),2025,2,11628,Marvin Harrison,WR,ARI,WR,3.70,sanfbe,22,2
benjlev,Borehamwood (2025),2025,2,11635,Ladd McConkey,WR,LAC,WR,7.30,sanfbe,23,2
benjlev,Borehamwood (2025),2025,2,11655,Tyrone Tracy,RB,NYG,BN,7.10,sanfbe,25,2
benjlev,Borehamwood (2025),2025,2,1466,Travis Kelce,TE,KC,TE,8.10,sanfbe,35,2
benjlev,Borehamwood (2025),2025,2,1945,Chris Boswell,K,PIT,K,14.10,sanfbe,34,2
benjlev,Borehamwood (2025),2025,2,3198,Derrick Henry,RB,BAL,RB,2.30,sanfbe,31,2
benjlev,Borehamwood (2025),2025,2,3321,Tyreek Hill,WR,MIA,WR,13.90,sanfbe,31,2
benjlev,Borehamwood (2025),2025,2,4199,Aaron Jones,RB,MIN,BN,2.30,sanfbe,30,2
benjlev,Borehamwood (2025),2025,2,4866,Saquon Barkley,RB,PHI,RB,16.40,sanfbe,28,2
benjlev,Borehamwood (2025),2025,2,4881,Lamar Jackson,QB,BAL,QB,34.30,sanfbe,28,2
benjlev,Borehamwood (2025),2025,2,4892,Baker Mayfield,QB,TB,BN,23.90,sanfbe,30,2
benjlev,Borehamwood (2025),2025,2,5012,Mark Andrews,TE,BAL,BN,0.90,sanfbe,29,2
benjlev,Borehamwood (2025),2025,2,5892,David Montgomery,RB,DET,BN,12.60,sanfbe,27,2
benjlev,Borehamwood (2025),2025,2,8155,Breece Hall,RB,NYJ,FLEX,4.80,sanfbe,24,2
benjlev,Borehamwood (2025),2025,2,9756,Jordan Addison,WR,MIN,BN,0.00,sanfbe,23,2
benjlev,Borehamwood (2025),2025,2,SF,San Francisco 49ers,DEF,SF,DEF,5.00,sanfbe,0,2
dpol,Borehamwood (2025),2025,2,11539,Jake Bates,K,DET,K,10.40,saulgoat,26,2
dpol,Borehamwood (2025),2025,2,12481,Cam Skattebo,RB,NYG,BN,12.90,saulgoat,23,2
dpol,Borehamwood (2025),2025,2,12501,Matthew Golden,WR,GB,BN,1.50,saulgoat,21,2
dpol,Borehamwood (2025),2025,2,12527,Ashton Jeanty,RB,LV,RB,5.90,saulgoat,21,2
dpol,Borehamwood (2025),2025,2,2133,Davante Adams,WR,LAR,WR,19.60,saulgoat,32,2
dpol,Borehamwood (2025),2025,2,4046,Patrick Mahomes,QB,KC,QB,24.08,saulgoat,29,2
dpol,Borehamwood (2025),2025,2,5844,T.J. Hockenson,TE,MIN,TE,1.70,saulgoat,27,2
dpol,Borehamwood (2025),2025,2,5848,Hollywood Brown,WR,KC,BN,5.50,saulgoat,27,2
dpol,Borehamwood (2025),2025,2,5859,A.J. Brown,WR,PHI,WR,5.20,saulgoat,27,2
dpol,Borehamwood (2025),2025,2,6783,Jerry Jeudy,WR,CLE,BN,7.10,saulgoat,26,2
dpol,Borehamwood (2025),2025,2,7049,Jauan Jennings,WR,SF,BN,17.40,saulgoat,27,2
dpol,Borehamwood (2025),2025,2,8138,James Cook,RB,BUF,FLEX,26.00,saulgoat,25,2
dpol,Borehamwood (2025),2025,2,9221,Jahmyr Gibbs,RB,DET,RB,17.90,saulgoat,23,2
dpol,Borehamwood (2025),2025,2,9488,Jaxon Smith-Njigba,WR,SEA,WR,14.30,saulgoat,23,2
dpol,Borehamwood (2025),2025,2,9997,Zay Flowers,WR,BAL,BN,11.40,saulgoat,24,2
dpol,Borehamwood (2025),2025,2,ARI,Arizona Cardinals,DEF,ARI,DEF,13.00,saulgoat,0,2
saulgoat,Borehamwood (2025),2025,2,11566,Jayden Daniels,QB,WAS,QB,23.70,dpol,24,2
saulgoat,Borehamwood (2025),2025,2,11584,Bucky Irving,RB,TB,RB,15.10,dpol,22,2
saulgoat,Borehamwood (2025),2025,2,11589,Trey Benson,RB,ARI,BN,6.40,dpol,22,2
saulgoat,Borehamwood (2025),2025,2,11632,Malik Nabers,WR,NYG,WR,33.20,dpol,21,2
saulgoat,Borehamwood (2025),2025,2,12469,Dylan Sampson,RB,CLE,BN,9.40,dpol,20,2
saulgoat,Borehamwood (2025),2025,2,12518,Tyler Warren,TE,IND,TE,9.90,dpol,23,2
saulgoat,Borehamwood (2025),2025,2,12529,TreVeyon Henderson,RB,NE,RB,5.00,dpol,22,2
saulgoat,Borehamwood (2025),2025,2,3678,Wil Lutz,K,DEN,K,4.00,dpol,30,2
saulgoat,Borehamwood (2025),2025,2,4981,Calvin Ridley,WR,TEN,BN,7.20,dpol,30,2
saulgoat,Borehamwood (2025),2025,2,5045,Courtland Sutton,WR,DEN,BN,1.10,dpol,29,2
saulgoat,Borehamwood (2025),2025,2,6801,Tee Higgins,WR,CIN,WR,13.10,dpol,26,2
saulgoat,Borehamwood (2025),2025,2,7526,Jaylen Waddle,WR,MIA,BN,15.30,dpol,26,2
saulgoat,Borehamwood (2025),2025,2,7543,Travis Etienne,RB,JAX,FLEX,15.90,dpol,26,2
saulgoat,Borehamwood (2025),2025,2,7569,Nico Collins,WR,HOU,WR,12.70,dpol,26,2
saulgoat,Borehamwood (2025),2025,2,8408,Jordan Mason,RB,MIN,BN,4.80,dpol,26,2
saulgoat,Borehamwood (2025),2025,2,PIT,Pittsburgh Steelers,DEF,PIT,DEF,5.00,dpol,0,2
drjkay,Borehamwood (2025),2025,2,11563,Bo Nix,QB,DEN,BN,26.24,AlastairL,25,2
drjkay,Borehamwood (2025),2025,2,12489,RJ Harvey,RB,DEN,BN,2.90,AlastairL,24,2
drjkay,Borehamwood (2025),2025,2,12504,Kaleb Johnson,RB,PIT,BN,0.10,AlastairL,21,2
drjkay,Borehamwood (2025),2025,2,12507,Omarion Hampton,RB,LAC,RB,3.00,AlastairL,22,2
drjkay,Borehamwood (2025),2025,2,12512,Quinshon Judkins,RB,CLE,BN,8.60,AlastairL,21,2
drjkay,Borehamwood (2025),2025,2,12530,Travis Hunter,DB,JAX,BN,3.70,AlastairL,22,2
drjkay,Borehamwood (2025),2025,2,1479,Keenan Allen,WR,,FLEX,14.60,AlastairL,33,2
drjkay,Borehamwood (2025),2025,2,4217,George Kittle,TE,SF,BN,0.00,AlastairL,31,2
drjkay,Borehamwood (2025),2025,2,5846,DK Metcalf,WR,PIT,WR,9.50,AlastairL,27,2
drjkay,Borehamwood (2025),2025,2,6794,Justin Jefferson,WR,MIN,WR,9.60,AlastairL,25,2
drjkay,Borehamwood (2025),2025,2,6797,Justin Herbert,QB,LAC,QB,22.78,AlastairL,27,2
drjkay,Borehamwood (2025),2025,2,7002,Juwan Johnson,TE,NO,TE,13.40,AlastairL,28,2
drjkay,Borehamwood (2025),2025,2,7839,Evan McPherson,K,CIN,K,7.10,AlastairL,25,2
drjkay,Borehamwood (2025),2025,2,8137,George Pickens,WR,DAL,BN,15.30,AlastairL,24,2
drjkay,Borehamwood (2025),2025,2,9224,Chase Brown,RB,CIN,RB,7.50,AlastairL,25,2
drjkay,Borehamwood (2025),2025,2,9493,Puka Nacua,WR,LAR,WR,23.60,AlastairL,24,2
drjkay,Borehamwood (2025),2025,2,BAL,Baltimore Ravens,DEF,BAL,DEF,15.00,AlastairL,0,2
AlastairL,Borehamwood (2025),2025,2,11533,Brandon Aubrey,K,DAL,K,24.50,drjkay,30,2
AlastairL,Borehamwood (2025),2025,2,11604,Brock Bowers,TE,LV,TE,6.30,drjkay,22,2
AlastairL,Borehamwood (2025),2025,2,11624,Xavier Worthy,WR,KC,BN,0.00,drjkay,22,2
AlastairL,Borehamwood (2025),2025,2,11637,Keon Coleman,WR,BUF,BN,4.10,drjkay,22,2
AlastairL,Borehamwood (2025),2025,2,11638,Ricky Pearsall,WR,SF,WR,7.20,drjkay,24,2
AlastairL,Borehamwood (2025),2025,2,3294,Dak Prescott,QB,DAL,BN,26.14,drjkay,31,2
AlastairL,Borehamwood (2025),2025,2,4034,Christian McCaffrey,RB,SF,RB,19.70,drjkay,28,2
AlastairL,Borehamwood (2025),2025,2,4983,DJ Moore,WR,CHI,WR,7.10,drjkay,28,2
AlastairL,Borehamwood (2025),2025,2,6790,D'Andre Swift,RB,CHI,FLEX,12.40,drjkay,26,2
AlastairL,Borehamwood (2025),2025,2,7547,Amon-Ra St. Brown,WR,DET,WR,34.70,drjkay,25,2
AlastairL,Borehamwood (2025),2025,2,7591,Justin Fields,QB,NYJ,QB,3.98,drjkay,26,2
AlastairL,Borehamwood (2025),2025,2,8148,Jameson Williams,WR,DET,BN,17.80,drjkay,24,2
AlastairL,Borehamwood (2025),2025,2,8150,Kyren Williams,RB,LAR,RB,9.00,drjkay,24,2
AlastairL,Borehamwood (2025),2025,2,8151,Kenneth Walker,RB,SEA,BN,18.30,drjkay,24,2
AlastairL,Borehamwood (2025),2025,2,8154,Brian Robinson,RB,WAS,BN,2.40,drjkay,26,2
AlastairL,Borehamwood (2025),2025,2,9754,Quentin Johnston,WR,LAC,BN,14.40,drjkay,23,2
AlastairL,Borehamwood (2025),2025,2,LAR,Los Angeles Rams,DEF,LAR,DEF,9.00,drjkay,0,2
GSac,Borehamwood (2025),2025,2,11576,Braelon Allen,RB,NYJ,BN,1.10,joshjr11,21,2
GSac,Borehamwood (2025),2025,2,11620,Rome Odunze,WR,CHI,BN,28.30,joshjr11,22,2
GSac,Borehamwood (2025),2025,2,11631,Brian Thomas,WR,JAX,WR,6.90,joshjr11,22,2
GSac,Borehamwood (2025),2025,2,12506,Harold Fannin,TE,CLE,TE,7.30,joshjr11,20,2
GSac,Borehamwood (2025),2025,2,2449,Stefon Diggs,WR,NE,BN,5.20,joshjr11,31,2
GSac,Borehamwood (2025),2025,2,4035,Alvin Kamara,RB,NO,RB,13.00,joshjr11,29,2
GSac,Borehamwood (2025),2025,2,4037,Chris Godwin,WR,TB,BN,0.00,joshjr11,29,2
GSac,Borehamwood (2025),2025,2,5927,Terry McLaurin,WR,WAS,WR,7.30,joshjr11,29,2
GSac,Borehamwood (2025),2025,2,5967,Tony Pollard,RB,TEN,FLEX,9.20,joshjr11,28,2
GSac,Borehamwood (2025),2025,2,6650,Chase McLaughlin,K,TB,K,2.00,joshjr11,29,2
GSac,Borehamwood (2025),2025,2,6786,CeeDee Lamb,WR,DAL,WR,15.70,joshjr11,26,2
GSac,Borehamwood (2025),2025,2,6813,Jonathan Taylor,RB,IND,RB,28.50,joshjr11,26,2
GSac,Borehamwood (2025),2025,2,6904,Jalen Hurts,QB,PHI,QB,11.54,joshjr11,26,2
GSac,Borehamwood (2025),2025,2,8205,Isiah Pacheco,RB,KC,BN,3.40,joshjr11,26,2
GSac,Borehamwood (2025),2025,2,BUF,Buffalo Bills,DEF,BUF,BN,11.00,joshjr11,0,2
GSac,Borehamwood (2025),2025,2,DEN,Denver Broncos,DEF,DEN,DEF,0.00,joshjr11,0,2
sanfbe,Borehamwood (2025),2025,2,10444,Cedric Tillman,WR,CLE,BN,9.20,benjlev,25,2
sanfbe,Borehamwood (2025),2025,2,10859,Sam LaPorta,TE,DET,TE,4.10,benjlev,24,2
sanfbe,Borehamwood (2025),2025,2,2216,Mike Evans,WR,TB,WR,8.10,benjlev,31,2
sanfbe,Borehamwood (2025),2025,2,4195,Jake Elliott,K,PHI,K,12.90,benjlev,30,2
sanfbe,Borehamwood (2025),2025,2,4663,Austin Ekeler,RB,WAS,BN,3.40,benjlev,30,2
sanfbe,Borehamwood (2025),2025,2,4984,Josh Allen,QB,BUF,QB,11.82,benjlev,29,2
sanfbe,Borehamwood (2025),2025,2,5850,Josh Jacobs,RB,GB,RB,14.40,benjlev,27,2
sanfbe,Borehamwood (2025),2025,2,5872,Deebo Samuel,WR,WAS,WR,13.90,benjlev,29,2
sanfbe,Borehamwood (2025),2025,2,5947,Jakobi Meyers,WR,LV,BN,9.80,benjlev,28,2
sanfbe,Borehamwood (2025),2025,2,6806,J.K. Dobbins,RB,DEN,BN,15.00,benjlev,26,2
sanfbe,Borehamwood (2025),2025,2,7553,Kyle Pitts,TE,ATL,BN,5.70,benjlev,24,2
sanfbe,Borehamwood (2025),2025,2,7594,Chuba Hubbard,RB,CAR,FLEX,16.20,benjlev,25,2
sanfbe,Borehamwood (2025),2025,2,8146,Garrett Wilson,WR,NYJ,WR,7.00,benjlev,24,2
sanfbe,Borehamwood (2025),2025,2,8228,Jaylen Warren,RB,PIT,BN,15.40,benjlev,26,2
sanfbe,Borehamwood (2025),2025,2,9509,Bijan Robinson,RB,ATL,RB,18.30,benjlev,23,2
sanfbe,Borehamwood (2025),2025,2,9753,Zach Charbonnet,RB,SEA,BN,1.00,benjlev,24,2
sanfbe,Borehamwood (2025),2025,2,MIN,Minnesota Vikings,DEF,MIN,DEF,5.00,benjlev,0,2
joshjr11,Borehamwood (2025),2025,3,10229,Rashee Rice,WR,KC,BN,0.00,sanfbe,25,3
joshjr11,Borehamwood (2025),2025,3,12490,Bhayshul Tuten,RB,JAX,BN,8.10,sanfbe,23,3
joshjr11,Borehamwood (2025),2025,3,12514,Emeka Egbuka,WR,TB,BN,11.50,sanfbe,22,3
joshjr11,Borehamwood (2025),2025,3,12526,Tetairoa McMillan,WR,CAR,WR,6.30,sanfbe,22,3
joshjr11,Borehamwood (2025),2025,3,12533,Jacory Croskey-Merritt,RB,WAS,BN,9.60,sanfbe,24,3
joshjr11,Borehamwood (2025),2025,3,3163,Jared Goff,QB,DET,QB,14.68,sanfbe,30,3
joshjr11,Borehamwood (2025),2025,3,4137,James Conner,RB,ARI,RB,5.20,sanfbe,30,3
joshjr11,Borehamwood (2025),2025,3,6770,Joe Burrow,QB,CIN,BN,0.00,sanfbe,28,3
joshjr11,Borehamwood (2025),2025,3,7525,DeVonta Smith,WR,PHI,BN,16.00,sanfbe,26,3
joshjr11,Borehamwood (2025),2025,3,7564,Ja'Marr Chase,WR,CIN,WR,6.40,sanfbe,25,3
joshjr11,Borehamwood (2025),2025,3,7588,Javonte Williams,RB,DAL,FLEX,9.70,sanfbe,25,3
joshjr11,Borehamwood (2025),2025,3,8112,Drake London,WR,ATL,WR,8.00,sanfbe,23,3
joshjr11,Borehamwood (2025),2025,3,8130,Trey McBride,TE,ARI,TE,12.80,sanfbe,25,3
joshjr11,Borehamwood (2025),2025,3,8144,Chris Olave,WR,NO,BN,10.70,sanfbe,24,3
joshjr11,Borehamwood (2025),2025,3,8259,Cameron Dicker,K,LAC,K,12.50,sanfbe,25,3
joshjr11,Borehamwood (2025),2025,3,9226,De'Von Achane,RB,MIA,RB,12.60,sanfbe,23,3
joshjr11,Borehamwood (2025),2025,3,NE,New England Patriots,DEF,NE,DEF,2.00,sanfbe,0,3
benjlev,Borehamwood (2025),2025,3,11628,Marvin Harrison,WR,ARI,WR,5.90,GSac,22,3
benjlev,Borehamwood (2025),2025,3,11635,Ladd McConkey,WR,LAC,WR,6.10,GSac,23,3
benjlev,Borehamwood (2025),2025,3,11655,Tyrone Tracy,RB,NYG,BN,4.60,GSac,25,3
benjlev,Borehamwood (2025),2025,3,1466,Travis Kelce,TE,KC,TE,4.60,GSac,35,3
benjlev,Borehamwood (2025),2025,3,1945,Chris Boswell,K,PIT,K,3.00,GSac,34,3
benjlev,Borehamwood (2025),2025,3,3198,Derrick Henry,RB,BAL,RB,10.20,GSac,31,3
benjlev,Borehamwood (2025),2025,3,3321,Tyreek Hill,WR,MIA,WR,13.40,GSac,31,3
benjlev,Borehamwood (2025),2025,3,4199,Aaron Jones,RB,MIN,BN,0.00,GSac,30,3
benjlev,Borehamwood (2025),2025,3,4866,Saquon Barkley,RB,PHI,RB,7.50,GSac,28,3
benjlev,Borehamwood (2025),2025,3,4881,Lamar Jackson,QB,BAL,QB,33.02,GSac,28,3
benjlev,Borehamwood (2025),2025,3,4892,Baker Mayfield,QB,TB,BN,19.72,GSac,30,3
benjlev,Borehamwood (2025),2025,3,5012,Mark Andrews,TE,BAL,BN,24.10,GSac,29,3
benjlev,Borehamwood (2025),2025,3,5892,David Montgomery,RB,DET,BN,28.90,GSac,27,3
benjlev,Borehamwood (2025),2025,3,8155,Breece Hall,RB,NYJ,FLEX,7.20,GSac,24,3
benjlev,Borehamwood (2025),2025,3,9756,Jordan Addison,WR,MIN,BN,0.00,GSac,23,3
benjlev,Borehamwood (2025),2025,3,SF,San Francisco 49ers,DEF,SF,DEF,6.00,GSac,0,3
dpol,Borehamwood (2025),2025,3,11539,Jake Bates,K,DET,K,9.50,AlastairL,26,3
dpol,Borehamwood (2025),2025,3,12481,Cam Skattebo,RB,NYG,BN,21.10,AlastairL,23,3
dpol,Borehamwood (2025),2025,3,12501,Matthew Golden,WR,GB,BN,8.10,AlastairL,21,3
dpol,Borehamwood (2025),2025,3,12527,Ashton Jeanty,RB,LV,FLEX,6.30,AlastairL,21,3
dpol,Borehamwood (2025),2025,3,2133,Davante Adams,WR,LAR,WR,13.10,AlastairL,32,3
dpol,Borehamwood (2025),2025,3,4046,Patrick Mahomes,QB,KC,QB,15.16,AlastairL,29,3
dpol,Borehamwood (2025),2025,3,5848,Hollywood Brown,WR,KC,BN,6.20,AlastairL,27,3
dpol,Borehamwood (2025),2025,3,5859,A.J. Brown,WR,PHI,BN,19.90,AlastairL,27,3
dpol,Borehamwood (2025),2025,3,6783,Jerry Jeudy,WR,CLE,BN,2.20,AlastairL,26,3
dpol,Borehamwood (2025),2025,3,7049,Jauan Jennings,WR,SF,BN,0.00,AlastairL,27,3
dpol,Borehamwood (2025),2025,3,8110,Jake Ferguson,TE,DAL,TE,14.70,AlastairL,26,3
dpol,Borehamwood (2025),2025,3,8138,James Cook,RB,BUF,RB,19.30,AlastairL,25,3
dpol,Borehamwood (2025),2025,3,9221,Jahmyr Gibbs,RB,DET,RB,24.40,AlastairL,23,3
dpol,Borehamwood (2025),2025,3,9488,Jaxon Smith-Njigba,WR,SEA,WR,18.10,AlastairL,23,3
dpol,Borehamwood (2025),2025,3,9997,Zay Flowers,WR,BAL,WR,2.30,AlastairL,24,3
dpol,Borehamwood (2025),2025,3,GB,Green Bay Packers,DEF,GB,DEF,9.00,AlastairL,0,3
saulgoat,Borehamwood (2025),2025,3,11560,Caleb Williams,QB,CHI,QB,37.12,drjkay,23,3
saulgoat,Borehamwood (2025),2025,3,11566,Jayden Daniels,QB,WAS,BN,0.00,drjkay,24,3
saulgoat,Borehamwood (2025),2025,3,11584,Bucky Irving,RB,TB,RB,11.90,drjkay,22,3
saulgoat,Borehamwood (2025),2025,3,11589,Trey Benson,RB,ARI,BN,6.60,drjkay,22,3
saulgoat,Borehamwood (2025),2025,3,11632,Malik Nabers,WR,NYG,WR,2.30,drjkay,21,3
saulgoat,Borehamwood (2025),2025,3,12518,Tyler Warren,TE,IND,TE,5.30,drjkay,23,3
saulgoat,Borehamwood (2025),2025,3,12529,TreVeyon Henderson,RB,NE,BN,6.20,drjkay,22,3
saulgoat,Borehamwood (2025),2025,3,3678,Wil Lutz,K,DEN,K,9.20,drjkay,30,3
saulgoat,Borehamwood (2025),2025,3,4981,Calvin Ridley,WR,TEN,WR,3.20,drjkay,30,3
saulgoat,Borehamwood (2025),2025,3,5045,Courtland Sutton,WR,DEN,BN,20.80,drjkay,29,3
saulgoat,Borehamwood (2025),2025,3,6801,Tee Higgins,WR,CIN,BN,2.00,drjkay,26,3
saulgoat,Borehamwood (2025),2025,3,7526,Jaylen Waddle,WR,MIA,BN,12.40,drjkay,26,3
saulgoat,Borehamwood (2025),2025,3,7543,Travis Etienne,RB,JAX,FLEX,11.60,drjkay,26,3
saulgoat,Borehamwood (2025),2025,3,7569,Nico Collins,WR,HOU,WR,18.40,drjkay,26,3
saulgoat,Borehamwood (2025),2025,3,8408,Jordan Mason,RB,MIN,RB,23.60,drjkay,26,3
saulgoat,Borehamwood (2025),2025,3,IND,Indianapolis Colts,DEF,IND,DEF,15.00,drjkay,0,3
drjkay,Borehamwood (2025),2025,3,11563,Bo Nix,QB,DEN,BN,15.42,saulgoat,25,3
drjkay,Borehamwood (2025),2025,3,12185,Spencer Shrader,K,IND,K,11.60,saulgoat,26,3
drjkay,Borehamwood (2025),2025,3,12489,RJ Harvey,RB,DEN,BN,3.10,saulgoat,24,3
drjkay,Borehamwood (2025),2025,3,12507,Omarion Hampton,RB,LAC,BN,21.90,saulgoat,22,3
drjkay,Borehamwood (2025),2025,3,12512,Quinshon Judkins,RB,CLE,BN,16.00,saulgoat,21,3
drjkay,Borehamwood (2025),2025,3,12530,Travis Hunter,DB,JAX,BN,2.60,saulgoat,22,3
drjkay,Borehamwood (2025),2025,3,1479,Keenan Allen,WR,,FLEX,16.00,saulgoat,33,3
drjkay,Borehamwood (2025),2025,3,4217,George Kittle,TE,SF,BN,0.00,saulgoat,31,3
drjkay,Borehamwood (2025),2025,3,5846,DK Metcalf,WR,PIT,WR,10.70,saulgoat,27,3
drjkay,Borehamwood (2025),2025,3,6794,Justin Jefferson,WR,MIN,WR,10.00,saulgoat,25,3
drjkay,Borehamwood (2025),2025,3,6797,Justin Herbert,QB,LAC,QB,16.60,saulgoat,27,3
drjkay,Borehamwood (2025),2025,3,7002,Juwan Johnson,TE,NO,TE,8.10,saulgoat,28,3
drjkay,Borehamwood (2025),2025,3,7611,Rhamondre Stevenson,RB,NE,RB,3.10,saulgoat,27,3
drjkay,Borehamwood (2025),2025,3,8137,George Pickens,WR,DAL,BN,15.30,saulgoat,24,3
drjkay,Borehamwood (2025),2025,3,9224,Chase Brown,RB,CIN,RB,4.00,saulgoat,25,3
drjkay,Borehamwood (2025),2025,3,9493,Puka Nacua,WR,LAR,WR,17.30,saulgoat,24,3
drjkay,Borehamwood (2025),2025,3,SEA,Seattle Seahawks,DEF,SEA,DEF,16.00,saulgoat,0,3
AlastairL,Borehamwood (2025),2025,3,11533,Brandon Aubrey,K,DAL,K,8.60,dpol,30,3
AlastairL,Borehamwood (2025),2025,3,11564,Drake Maye,QB,NE,BN,23.22,dpol,22,3
AlastairL,Borehamwood (2025),2025,3,11604,Brock Bowers,TE,LV,TE,7.80,dpol,22,3
AlastairL,Borehamwood (2025),2025,3,11624,Xavier Worthy,WR,KC,BN,0.00,dpol,22,3
AlastairL,Borehamwood (2025),2025,3,11638,Ricky Pearsall,WR,SF,WR,15.70,dpol,24,3
AlastairL,Borehamwood (2025),2025,3,3294,Dak Prescott,QB,DAL,QB,14.04,dpol,31,3
AlastairL,Borehamwood (2025),2025,3,4034,Christian McCaffrey,RB,SF,RB,19.00,dpol,28,3
AlastairL,Borehamwood (2025),2025,3,4983,DJ Moore,WR,CHI,WR,10.80,dpol,28,3
AlastairL,Borehamwood (2025),2025,3,6790,D'Andre Swift,RB,CHI,BN,9.30,dpol,26,3
AlastairL,Borehamwood (2025),2025,3,7547,Amon-Ra St. Brown,WR,DET,WR,17.20,dpol,25,3
AlastairL,Borehamwood (2025),2025,3,7591,Justin Fields,QB,NYJ,BN,0.00,dpol,26,3
AlastairL,Borehamwood (2025),2025,3,8148,Jameson Williams,WR,DET,BN,5.30,dpol,24,3
AlastairL,Borehamwood (2025),2025,3,8150,Kyren Williams,RB,LAR,RB,18.20,dpol,24,3
AlastairL,Borehamwood (2025),2025,3,8151,Kenneth Walker,RB,SEA,FLEX,17.50,dpol,24,3
AlastairL,Borehamwood (2025),2025,3,8154,Brian Robinson,RB,WAS,BN,2.20,dpol,26,3
AlastairL,Borehamwood (2025),2025,3,ATL,Atlanta Falcons,DEF,ATL,DEF,3.00,dpol,0,3
GSac,Borehamwood (2025),2025,3,11620,Rome Odunze,WR,CHI,WR,13.70,benjlev,22,3
GSac,Borehamwood (2025),2025,3,11631,Brian Thomas,WR,JAX,WR,6.50,benjlev,22,3
GSac,Borehamwood (2025),2025,3,12506,Harold Fannin,TE,CLE,BN,4.00,benjlev,20,3
GSac,Borehamwood (2025),2025,3,12711,Tyler Loop,K,BAL,K,7.10,benjlev,,3
GSac,Borehamwood (2025),2025,3,2449,Stefon Diggs,WR,NE,BN,3.80,benjlev,31,3
GSac,Borehamwood (2025),2025,3,4035,Alvin Kamara,RB,NO,RB,6.10,benjlev,29,3
GSac,Borehamwood (2025),2025,3,4037,Chris Godwin,WR,TB,BN,0.00,benjlev,29,3
GSac,Borehamwood (2025),2025,3,5927,Terry McLaurin,WR,WAS,FLEX,8.90,benjlev,29,3
GSac,Borehamwood (2025),2025,3,5967,Tony Pollard,RB,TEN,BN,12.90,benjlev,28,3
GSac,Borehamwood (2025),2025,3,6786,CeeDee Lamb,WR,DAL,WR,0.00,benjlev,26,3
GSac,Borehamwood (2025),2025,3,6813,Jonathan Taylor,RB,IND,RB,31.30,benjlev,26,3
GSac,Borehamwood (2025),2025,3,6904,Jalen Hurts,QB,PHI,QB,35.04,benjlev,26,3
GSac,Borehamwood (2025),2025,3,8126,Wan'Dale Robinson,WR,NYG,BN,3.10,benjlev,24,3
GSac,Borehamwood (2025),2025,3,8205,Isiah Pacheco,RB,KC,BN,5.30,benjlev,26,3
GSac,Borehamwood (2025),2025,3,9484,Tucker Kraft,TE,GB,TE,4.40,benjlev,24,3
GSac,Borehamwood (2025),2025,3,BUF,Buffalo Bills,DEF,BUF,DEF,2.00,benjlev,0,3
sanfbe,Borehamwood (2025),2025,3,10444,Cedric Tillman,WR,CLE,BN,4.10,joshjr11,25,3
sanfbe,Borehamwood (2025),2025,3,10859,Sam LaPorta,TE,DET,TE,5.30,joshjr11,24,3
sanfbe,Borehamwood (2025),2025,3,2216,Mike Evans,WR,TB,WR,11.30,joshjr11,31,3
sanfbe,Borehamwood (2025),2025,3,4195,Jake Elliott,K,PHI,K,3.00,joshjr11,30,3
sanfbe,Borehamwood (2025),2025,3,4984,Josh Allen,QB,BUF,QB,29.02,joshjr11,29,3
sanfbe,Borehamwood (2025),2025,3,5850,Josh Jacobs,RB,GB,RB,9.90,joshjr11,27,3
sanfbe,Borehamwood (2025),2025,3,5872,Deebo Samuel,WR,WAS,WR,3.90,joshjr11,29,3
sanfbe,Borehamwood (2025),2025,3,5947,Jakobi Meyers,WR,LV,BN,7.80,joshjr11,28,3
sanfbe,Borehamwood (2025),2025,3,6806,J.K. Dobbins,RB,DEN,BN,14.80,joshjr11,26,3
sanfbe,Borehamwood (2025),2025,3,7553,Kyle Pitts,TE,ATL,BN,5.90,joshjr11,24,3
sanfbe,Borehamwood (2025),2025,3,7594,Chuba Hubbard,RB,CAR,FLEX,8.60,joshjr11,25,3
sanfbe,Borehamwood (2025),2025,3,8146,Garrett Wilson,WR,NYJ,WR,19.40,joshjr11,24,3
sanfbe,Borehamwood (2025),2025,3,8228,Jaylen Warren,RB,PIT,BN,10.60,joshjr11,26,3
sanfbe,Borehamwood (2025),2025,3,9509,Bijan Robinson,RB,ATL,RB,13.60,joshjr11,23,3
sanfbe,Borehamwood (2025),2025,3,9753,Zach Charbonnet,RB,SEA,BN,0.00,joshjr11,24,3
sanfbe,Borehamwood (2025),2025,3,MIN,Minnesota Vikings,DEF,MIN,DEF,31.00,joshjr11,0,3
joshjr11,Borehamwood (2025),2025,4,10229,Rashee Rice,WR,KC,BN,0.00,dpol,25,4
joshjr11,Borehamwood (2025),2025,4,12474,Woody Marks,RB,HOU,BN,25.90,dpol,24,4
joshjr11,Borehamwood (2025),2025,4,12490,Bhayshul Tuten,RB,JAX,BN,2.70,dpol,23,4
joshjr11,Borehamwood (2025),2025,4,12514,Emeka Egbuka,WR,TB,BN,18.10,dpol,22,4
joshjr11,Borehamwood (2025),2025,4,12526,Tetairoa McMillan,WR,CAR,WR,8.20,dpol,22,4
joshjr11,Borehamwood (2025),2025,4,12533,Jacory Croskey-Merritt,RB,WAS,BN,6.70,dpol,24,4
joshjr11,Borehamwood (2025),2025,4,4137,James Conner,RB,ARI,BN,0.00,dpol,30,4
joshjr11,Borehamwood (2025),2025,4,6770,Joe Burrow,QB,CIN,BN,0.00,dpol,28,4
joshjr11,Borehamwood (2025),2025,4,6804,Jordan Love,QB,GB,QB,32.28,dpol,26,4
joshjr11,Borehamwood (2025),2025,4,7525,DeVonta Smith,WR,PHI,BN,3.90,dpol,26,4
joshjr11,Borehamwood (2025),2025,4,7564,Ja'Marr Chase,WR,CIN,FLEX,4.80,dpol,25,4
joshjr11,Borehamwood (2025),2025,4,7588,Javonte Williams,RB,DAL,RB,17.50,dpol,25,4
joshjr11,Borehamwood (2025),2025,4,8112,Drake London,WR,ATL,WR,21.00,dpol,23,4
joshjr11,Borehamwood (2025),2025,4,8130,Trey McBride,TE,ARI,TE,8.70,dpol,25,4
joshjr11,Borehamwood (2025),2025,4,8144,Chris Olave,WR,NO,WR,7.50,dpol,24,4
joshjr11,Borehamwood (2025),2025,4,8259,Cameron Dicker,K,LAC,K,5.30,dpol,25,4
joshjr11,Borehamwood (2025),2025,4,9226,De'Von Achane,RB,MIA,RB,16.60,dpol,23,4
joshjr11,Borehamwood (2025),2025,4,DET,Detroit Lions,DEF,DET,DEF,20.00,dpol,0,4
benjlev,Borehamwood (2025),2025,4,11628,Marvin Harrison,WR,ARI,WR,15.60,drjkay,22,4
benjlev,Borehamwood (2025),2025,4,11635,Ladd McConkey,WR,LAC,WR,1.60,drjkay,23,4
benjlev,Borehamwood (2025),2025,4,11655,Tyrone Tracy,RB,NYG,BN,0.00,drjkay,25,4
benjlev,Borehamwood (2025),2025,4,1466,Travis Kelce,TE,KC,TE,7.30,drjkay,35,4
benjlev,Borehamwood (2025),2025,4,1945,Chris Boswell,K,PIT,K,6.30,drjkay,34,4
benjlev,Borehamwood (2025),2025,4,3198,Derrick Henry,RB,BAL,RB,6.80,drjkay,31,4
benjlev,Borehamwood (2025),2025,4,3321,Tyreek Hill,WR,MIA,WR,9.70,drjkay,31,4
benjlev,Borehamwood (2025),2025,4,4199,Aaron Jones,RB,MIN,BN,0.00,drjkay,30,4
benjlev,Borehamwood (2025),2025,4,4866,Saquon Barkley,RB,PHI,RB,15.40,drjkay,28,4
benjlev,Borehamwood (2025),2025,4,4881,Lamar Jackson,QB,BAL,QB,12.68,drjkay,28,4
benjlev,Borehamwood (2025),2025,4,4892,Baker Mayfield,QB,TB,BN,22.86,drjkay,30,4
benjlev,Borehamwood (2025),2025,4,5012,Mark Andrews,TE,BAL,BN,6.50,drjkay,29,4
benjlev,Borehamwood (2025),2025,4,5892,David Montgomery,RB,DET,BN,1.20,drjkay,27,4
benjlev,Borehamwood (2025),2025,4,8155,Breece Hall,RB,NYJ,FLEX,13.60,drjkay,24,4
benjlev,Borehamwood (2025),2025,4,9756,Jordan Addison,WR,MIN,BN,13.40,drjkay,23,4
benjlev,Borehamwood (2025),2025,4,SF,San Francisco 49ers,DEF,SF,DEF,0.00,drjkay,0,4
dpol,Borehamwood (2025),2025,4,11539,Jake Bates,K,DET,K,14.60,joshjr11,26,4
dpol,Borehamwood (2025),2025,4,12481,Cam Skattebo,RB,NYG,BN,12.00,joshjr11,23,4
dpol,Borehamwood (2025),2025,4,12499,Elic Ayomanor,WR,TEN,BN,5.40,joshjr11,21,4
dpol,Borehamwood (2025),2025,4,12501,Matthew Golden,WR,GB,BN,8.80,joshjr11,21,4
dpol,Borehamwood (2025),2025,4,12527,Ashton Jeanty,RB,LV,FLEX,32.50,joshjr11,21,4
dpol,Borehamwood (2025),2025,4,2133,Davante Adams,WR,LAR,BN,13.60,joshjr11,32,4
dpol,Borehamwood (2025),2025,4,4046,Patrick Mahomes,QB,KC,QB,35.30,joshjr11,29,4
dpol,Borehamwood (2025),2025,4,5859,A.J. Brown,WR,PHI,WR,1.70,joshjr11,27,4
dpol,Borehamwood (2025),2025,4,6783,Jerry Jeudy,WR,CLE,BN,6.30,joshjr11,26,4
dpol,Borehamwood (2025),2025,4,7049,Jauan Jennings,WR,SF,BN,5.40,joshjr11,27,4
dpol,Borehamwood (2025),2025,4,8110,Jake Ferguson,TE,DAL,TE,13.50,joshjr11,26,4
dpol,Borehamwood (2025),2025,4,8138,James Cook,RB,BUF,RB,21.00,joshjr11,25,4
dpol,Borehamwood (2025),2025,4,9221,Jahmyr Gibbs,RB,DET,RB,16.70,joshjr11,23,4
dpol,Borehamwood (2025),2025,4,9488,Jaxon Smith-Njigba,WR,SEA,WR,11.00,joshjr11,23,4
dpol,Borehamwood (2025),2025,4,9997,Zay Flowers,WR,BAL,WR,10.90,joshjr11,24,4
dpol,Borehamwood (2025),2025,4,GB,Green Bay Packers,DEF,GB,DEF,-3.00,joshjr11,0,4
saulgoat,Borehamwood (2025),2025,4,11560,Caleb Williams,QB,CHI,QB,13.78,GSac,23,4
saulgoat,Borehamwood (2025),2025,4,11566,Jayden Daniels,QB,WAS,BN,0.00,GSac,24,4
saulgoat,Borehamwood (2025),2025,4,11584,Bucky Irving,RB,TB,RB,23.00,GSac,22,4
saulgoat,Borehamwood (2025),2025,4,11589,Trey Benson,RB,ARI,BN,7.90,GSac,22,4
saulgoat,Borehamwood (2025),2025,4,11632,Malik Nabers,WR,NYG,WR,3.00,GSac,21,4
saulgoat,Borehamwood (2025),2025,4,12518,Tyler Warren,TE,IND,TE,15.80,GSac,23,4
saulgoat,Borehamwood (2025),2025,4,12529,TreVeyon Henderson,RB,NE,BN,11.60,GSac,22,4
saulgoat,Borehamwood (2025),2025,4,17,Matt Prater,K,,K,7.50,GSac,40,4
saulgoat,Borehamwood (2025),2025,4,4981,Calvin Ridley,WR,TEN,BN,4.00,GSac,30,4
saulgoat,Borehamwood (2025),2025,4,5045,Courtland Sutton,WR,DEN,WR,16.60,GSac,29,4
saulgoat,Borehamwood (2025),2025,4,6801,Tee Higgins,WR,CIN,BN,4.70,GSac,26,4
saulgoat,Borehamwood (2025),2025,4,7526,Jaylen Waddle,WR,MIA,BN,6.30,GSac,26,4
saulgoat,Borehamwood (2025),2025,4,7543,Travis Etienne,RB,JAX,FLEX,19.00,GSac,26,4
saulgoat,Borehamwood (2025),2025,4,7569,Nico Collins,WR,HOU,WR,9.90,GSac,26,4
saulgoat,Borehamwood (2025),2025,4,8408,Jordan Mason,RB,MIN,RB,8.70,GSac,26,4
saulgoat,Borehamwood (2025),2025,4,HOU,Houston Texans,DEF,HOU,DEF,14.00,GSac,0,4
drjkay,Borehamwood (2025),2025,4,11586,Blake Corum,RB,LAR,BN,2.60,benjlev,24,4
drjkay,Borehamwood (2025),2025,4,12185,Spencer Shrader,K,IND,K,11.00,benjlev,26,4
drjkay,Borehamwood (2025),2025,4,12489,RJ Harvey,RB,DEN,BN,17.80,benjlev,24,4
drjkay,Borehamwood (2025),2025,4,12507,Omarion Hampton,RB,LAC,RB,25.00,benjlev,22,4
drjkay,Borehamwood (2025),2025,4,12512,Quinshon Judkins,RB,CLE,RB,19.50,benjlev,21,4
drjkay,Borehamwood (2025),2025,4,1479,Keenan Allen,WR,,FLEX,6.20,benjlev,33,4
drjkay,Borehamwood (2025),2025,4,4217,George Kittle,TE,SF,BN,0.00,benjlev,31,4
drjkay,Borehamwood (2025),2025,4,5846,DK Metcalf,WR,PIT,BN,21.10,benjlev,27,4
drjkay,Borehamwood (2025),2025,4,6794,Justin Jefferson,WR,MIN,WR,17.60,benjlev,25,4
drjkay,Borehamwood (2025),2025,4,6797,Justin Herbert,QB,LAC,QB,14.52,benjlev,27,4
drjkay,Borehamwood (2025),2025,4,6819,Michael Pittman,WR,IND,BN,12.60,benjlev,27,4
drjkay,Borehamwood (2025),2025,4,7002,Juwan Johnson,TE,NO,TE,4.30,benjlev,28,4
drjkay,Borehamwood (2025),2025,4,7611,Rhamondre Stevenson,RB,NE,BN,4.60,benjlev,27,4
drjkay,Borehamwood (2025),2025,4,8137,George Pickens,WR,DAL,WR,29.40,benjlev,24,4
drjkay,Borehamwood (2025),2025,4,9224,Chase Brown,RB,CIN,BN,8.60,benjlev,25,4
drjkay,Borehamwood (2025),2025,4,9493,Puka Nacua,WR,LAR,WR,29.50,benjlev,24,4
drjkay,Borehamwood (2025),2025,4,SEA,Seattle Seahawks,DEF,SEA,DEF,12.00,benjlev,0,4
AlastairL,Borehamwood (2025),2025,4,11533,Brandon Aubrey,K,DAL,K,8.00,sanfbe,30,4
AlastairL,Borehamwood (2025),2025,4,11564,Drake Maye,QB,NE,QB,27.22,sanfbe,22,4
AlastairL,Borehamwood (2025),2025,4,11604,Brock Bowers,TE,LV,TE,7.10,sanfbe,22,4
AlastairL,Borehamwood (2025),2025,4,11624,Xavier Worthy,WR,KC,WR,14.60,sanfbe,22,4
AlastairL,Borehamwood (2025),2025,4,11638,Ricky Pearsall,WR,SF,WR,6.60,sanfbe,24,4
AlastairL,Borehamwood (2025),2025,4,3163,Jared Goff,QB,DET,BN,16.72,sanfbe,30,4
AlastairL,Borehamwood (2025),2025,4,4034,Christian McCaffrey,RB,SF,RB,23.10,sanfbe,28,4
AlastairL,Borehamwood (2025),2025,4,4983,DJ Moore,WR,CHI,BN,5.80,sanfbe,28,4
AlastairL,Borehamwood (2025),2025,4,6790,D'Andre Swift,RB,CHI,BN,14.00,sanfbe,26,4
AlastairL,Borehamwood (2025),2025,4,7547,Amon-Ra St. Brown,WR,DET,WR,22.50,sanfbe,25,4
AlastairL,Borehamwood (2025),2025,4,7591,Justin Fields,QB,NYJ,BN,29.14,sanfbe,26,4
AlastairL,Borehamwood (2025),2025,4,8148,Jameson Williams,WR,DET,BN,4.70,sanfbe,24,4
AlastairL,Borehamwood (2025),2025,4,8150,Kyren Williams,RB,LAR,FLEX,8.90,sanfbe,24,4
AlastairL,Borehamwood (2025),2025,4,8151,Kenneth Walker,RB,SEA,RB,11.50,sanfbe,24,4
AlastairL,Borehamwood (2025),2025,4,8154,Brian Robinson,RB,WAS,BN,2.10,sanfbe,26,4
AlastairL,Borehamwood (2025),2025,4,DEN,Denver Broncos,DEF,DEN,DEF,11.00,sanfbe,0,4
GSac,Borehamwood (2025),2025,4,11620,Rome Odunze,WR,CHI,WR,14.90,saulgoat,22,4
GSac,Borehamwood (2025),2025,4,11631,Brian Thomas,WR,JAX,WR,8.10,saulgoat,22,4
GSac,Borehamwood (2025),2025,4,12506,Harold Fannin,TE,CLE,BN,3.50,saulgoat,20,4
GSac,Borehamwood (2025),2025,4,12711,Tyler Loop,K,BAL,K,9.50,saulgoat,,4
GSac,Borehamwood (2025),2025,4,4035,Alvin Kamara,RB,NO,RB,9.20,saulgoat,29,4
GSac,Borehamwood (2025),2025,4,4037,Chris Godwin,WR,TB,BN,4.10,saulgoat,29,4
GSac,Borehamwood (2025),2025,4,5927,Terry McLaurin,WR,WAS,BN,0.00,saulgoat,29,4
GSac,Borehamwood (2025),2025,4,5967,Tony Pollard,RB,TEN,FLEX,9.10,saulgoat,28,4
GSac,Borehamwood (2025),2025,4,6786,CeeDee Lamb,WR,DAL,BN,0.00,saulgoat,26,4
GSac,Borehamwood (2025),2025,4,6813,Jonathan Taylor,RB,IND,RB,12.10,saulgoat,26,4
GSac,Borehamwood (2025),2025,4,6904,Jalen Hurts,QB,PHI,QB,23.40,saulgoat,26,4
GSac,Borehamwood (2025),2025,4,8126,Wan'Dale Robinson,WR,NYG,BN,2.90,saulgoat,24,4
GSac,Borehamwood (2025),2025,4,8205,Isiah Pacheco,RB,KC,BN,11.80,saulgoat,26,4
GSac,Borehamwood (2025),2025,4,9484,Tucker Kraft,TE,GB,TE,8.10,saulgoat,24,4
GSac,Borehamwood (2025),2025,4,9754,Quentin Johnston,WR,LAC,WR,19.80,saulgoat,23,4
GSac,Borehamwood (2025),2025,4,BUF,Buffalo Bills,DEF,BUF,DEF,7.00,saulgoat,0,4
sanfbe,Borehamwood (2025),2025,4,10213,Tre Tucker,WR,LV,BN,3.20,AlastairL,24,4
sanfbe,Borehamwood (2025),2025,4,10444,Cedric Tillman,WR,CLE,BN,1.10,AlastairL,25,4
sanfbe,Borehamwood (2025),2025,4,10859,Sam LaPorta,TE,DET,TE,5.40,AlastairL,24,4
sanfbe,Borehamwood (2025),2025,4,2216,Mike Evans,WR,TB,BN,0.00,AlastairL,31,4
sanfbe,Borehamwood (2025),2025,4,4195,Jake Elliott,K,PHI,K,7.90,AlastairL,30,4
sanfbe,Borehamwood (2025),2025,4,4984,Josh Allen,QB,BUF,QB,28.86,AlastairL,29,4
sanfbe,Borehamwood (2025),2025,4,5850,Josh Jacobs,RB,GB,RB,29.70,AlastairL,27,4
sanfbe,Borehamwood (2025),2025,4,5872,Deebo Samuel,WR,WAS,WR,17.10,AlastairL,29,4
sanfbe,Borehamwood (2025),2025,4,5947,Jakobi Meyers,WR,LV,WR,5.00,AlastairL,28,4
sanfbe,Borehamwood (2025),2025,4,6806,J.K. Dobbins,RB,DEN,FLEX,11.00,AlastairL,26,4
sanfbe,Borehamwood (2025),2025,4,7594,Chuba Hubbard,RB,CAR,BN,8.40,AlastairL,25,4
sanfbe,Borehamwood (2025),2025,4,8146,Garrett Wilson,WR,NYJ,WR,17.20,AlastairL,24,4
sanfbe,Borehamwood (2025),2025,4,8228,Jaylen Warren,RB,PIT,BN,0.00,AlastairL,26,4
sanfbe,Borehamwood (2025),2025,4,9509,Bijan Robinson,RB,ATL,RB,26.10,AlastairL,23,4
sanfbe,Borehamwood (2025),2025,4,9753,Zach Charbonnet,RB,SEA,BN,11.40,AlastairL,24,4
sanfbe,Borehamwood (2025),2025,4,MIN,Minnesota Vikings,DEF,MIN,DEF,3.00,AlastairL,0,4
joshjr11,Borehamwood (2025),2025,5,10229,Rashee Rice,WR,KC,BN,0.00,drjkay,25,5
joshjr11,Borehamwood (2025),2025,5,11631,Brian Thomas,WR,JAX,BN,10.00,drjkay,22,5
joshjr11,Borehamwood (2025),2025,5,12474,Woody Marks,RB,HOU,RB,2.40,drjkay,24,5
joshjr11,Borehamwood (2025),2025,5,12490,Bhayshul Tuten,RB,JAX,BN,1.60,drjkay,23,5
joshjr11,Borehamwood (2025),2025,5,12514,Emeka Egbuka,WR,TB,WR,27.80,drjkay,22,5
joshjr11,Borehamwood (2025),2025,5,12526,Tetairoa McMillan,WR,CAR,WR,10.30,drjkay,22,5
joshjr11,Borehamwood (2025),2025,5,12533,Jacory Croskey-Merritt,RB,WAS,BN,26.00,drjkay,24,5
joshjr11,Borehamwood (2025),2025,5,3163,Jared Goff,QB,DET,QB,26.12,drjkay,30,5
joshjr11,Borehamwood (2025),2025,5,4137,James Conner,RB,ARI,BN,0.00,drjkay,30,5
joshjr11,Borehamwood (2025),2025,5,5967,Tony Pollard,RB,TEN,BN,13.30,drjkay,28,5
joshjr11,Borehamwood (2025),2025,5,6650,Chase McLaughlin,K,TB,K,13.50,drjkay,29,5
joshjr11,Borehamwood (2025),2025,5,6770,Joe Burrow,QB,CIN,BN,0.00,drjkay,28,5
joshjr11,Borehamwood (2025),2025,5,6804,Jordan Love,QB,GB,BN,0.00,drjkay,26,5
joshjr11,Borehamwood (2025),2025,5,7564,Ja'Marr Chase,WR,CIN,WR,26.00,drjkay,25,5
joshjr11,Borehamwood (2025),2025,5,8112,Drake London,WR,ATL,BN,0.00,drjkay,23,5
joshjr11,Borehamwood (2025),2025,5,8130,Trey McBride,TE,ARI,TE,6.60,drjkay,25,5
joshjr11,Borehamwood (2025),2025,5,8144,Chris Olave,WR,NO,FLEX,9.40,drjkay,24,5
joshjr11,Borehamwood (2025),2025,5,9226,De'Von Achane,RB,MIA,RB,13.60,drjkay,23,5
joshjr11,Borehamwood (2025),2025,5,DET,Detroit Lions,DEF,DET,DEF,10.00,drjkay,0,5
joshjr11,Borehamwood (2025),2025,5,GB,Green Bay Packers,DEF,GB,BN,0.00,drjkay,0,5
benjlev,Borehamwood (2025),2025,5,11628,Marvin Harrison,WR,ARI,WR,11.80,dpol,22,5
benjlev,Borehamwood (2025),2025,5,11635,Ladd McConkey,WR,LAC,WR,12.40,dpol,23,5
benjlev,Borehamwood (2025),2025,5,11655,Tyrone Tracy,RB,NYG,BN,0.00,dpol,25,5
benjlev,Borehamwood (2025),2025,5,1466,Travis Kelce,TE,KC,TE,15.60,dpol,35,5
benjlev,Borehamwood (2025),2025,5,2747,Jason Myers,K,SEA,K,5.00,dpol,34,5
benjlev,Borehamwood (2025),2025,5,3198,Derrick Henry,RB,BAL,RB,9.30,dpol,31,5
benjlev,Borehamwood (2025),2025,5,3321,Tyreek Hill,WR,MIA,BN,0.00,dpol,31,5
benjlev,Borehamwood (2025),2025,5,4199,Aaron Jones,RB,MIN,BN,0.00,dpol,30,5
benjlev,Borehamwood (2025),2025,5,4381,Taysom Hill,TE,NO,BN,0.66,dpol,34,5
benjlev,Borehamwood (2025),2025,5,4866,Saquon Barkley,RB,PHI,RB,16.30,dpol,28,5
benjlev,Borehamwood (2025),2025,5,4881,Lamar Jackson,QB,BAL,BN,0.00,dpol,28,5
benjlev,Borehamwood (2025),2025,5,4892,Baker Mayfield,QB,TB,QB,30.66,dpol,30,5
benjlev,Borehamwood (2025),2025,5,5012,Mark Andrews,TE,BAL,BN,3.20,dpol,29,5
benjlev,Borehamwood (2025),2025,5,5892,David Montgomery,RB,DET,BN,19.72,dpol,27,5
benjlev,Borehamwood (2025),2025,5,8121,Romeo Doubs,WR,GB,BN,0.00,dpol,25,5
benjlev,Borehamwood (2025),2025,5,8155,Breece Hall,RB,NYJ,FLEX,15.50,dpol,24,5
benjlev,Borehamwood (2025),2025,5,9756,Jordan Addison,WR,MIN,WR,12.60,dpol,23,5
benjlev,Borehamwood (2025),2025,5,SF,San Francisco 49ers,DEF,SF,DEF,6.00,dpol,0,5
dpol,Borehamwood (2025),2025,5,11539,Jake Bates,K,DET,K,5.00,benjlev,26,5
dpol,Borehamwood (2025),2025,5,12481,Cam Skattebo,RB,NYG,BN,11.40,benjlev,23,5
dpol,Borehamwood (2025),2025,5,12501,Matthew Golden,WR,GB,BN,0.00,benjlev,21,5
dpol,Borehamwood (2025),2025,5,12527,Ashton Jeanty,RB,LV,RB,13.40,benjlev,21,5
dpol,Borehamwood (2025),2025,5,2133,Davante Adams,WR,LAR,WR,11.30,benjlev,32,5
dpol,Borehamwood (2025),2025,5,4046,Patrick Mahomes,QB,KC,QB,28.72,benjlev,29,5
dpol,Borehamwood (2025),2025,5,5859,A.J. Brown,WR,PHI,WR,6.80,benjlev,27,5
dpol,Borehamwood (2025),2025,5,6783,Jerry Jeudy,WR,CLE,BN,2.50,benjlev,26,5
dpol,Borehamwood (2025),2025,5,7049,Jauan Jennings,WR,SF,BN,0.00,benjlev,27,5
dpol,Borehamwood (2025),2025,5,8110,Jake Ferguson,TE,DAL,TE,20.40,benjlev,26,5
dpol,Borehamwood (2025),2025,5,8138,James Cook,RB,BUF,FLEX,4.90,benjlev,25,5
dpol,Borehamwood (2025),2025,5,9221,Jahmyr Gibbs,RB,DET,RB,15.70,benjlev,23,5
dpol,Borehamwood (2025),2025,5,9488,Jaxon Smith-Njigba,WR,SEA,WR,23.20,benjlev,23,5
dpol,Borehamwood (2025),2025,5,9508,Tyjae Spears,RB,TEN,BN,1.40,benjlev,23,5
dpol,Borehamwood (2025),2025,5,9997,Zay Flowers,WR,BAL,BN,9.70,benjlev,24,5
dpol,Borehamwood (2025),2025,5,CLE,Cleveland Browns,DEF,CLE,DEF,7.00,benjlev,0,5
dpol,Borehamwood (2025),2025,5,PIT,Pittsburgh Steelers,DEF,PIT,BN,0.00,benjlev,0,5
saulgoat,Borehamwood (2025),2025,5,11199,Emari Demercado,RB,ARI,BN,6.10,sanfbe,26,5
saulgoat,Borehamwood (2025),2025,5,11560,Caleb Williams,QB,CHI,BN,0.00,sanfbe,23,5
saulgoat,Borehamwood (2025),2025,5,11566,Jayden Daniels,QB,WAS,QB,19.14,sanfbe,24,5
saulgoat,Borehamwood (2025),2025,5,11584,Bucky Irving,RB,TB,BN,0.00,sanfbe,22,5
saulgoat,Borehamwood (2025),2025,5,11589,Trey Benson,RB,ARI,BN,0.00,sanfbe,22,5
saulgoat,Borehamwood (2025),2025,5,11632,Malik Nabers,WR,NYG,BN,0.00,sanfbe,21,5
saulgoat,Borehamwood (2025),2025,5,12518,Tyler Warren,TE,IND,TE,12.40,sanfbe,23,5
saulgoat,Borehamwood (2025),2025,5,12529,TreVeyon Henderson,RB,NE,BN,3.70,sanfbe,22,5
saulgoat,Borehamwood (2025),2025,5,17,Matt Prater,K,,K,9.60,sanfbe,40,5
saulgoat,Borehamwood (2025),2025,5,4981,Calvin Ridley,WR,TEN,BN,15.60,sanfbe,30,5
saulgoat,Borehamwood (2025),2025,5,5045,Courtland Sutton,WR,DEN,WR,13.90,sanfbe,29,5
saulgoat,Borehamwood (2025),2025,5,6801,Tee Higgins,WR,CIN,BN,9.70,sanfbe,26,5
saulgoat,Borehamwood (2025),2025,5,7526,Jaylen Waddle,WR,MIA,WR,20.00,sanfbe,26,5
saulgoat,Borehamwood (2025),2025,5,7543,Travis Etienne,RB,JAX,FLEX,7.30,sanfbe,26,5
saulgoat,Borehamwood (2025),2025,5,7569,Nico Collins,WR,HOU,WR,14.00,sanfbe,26,5
saulgoat,Borehamwood (2025),2025,5,8136,Rachaad White,RB,TB,RB,21.10,sanfbe,26,5
saulgoat,Borehamwood (2025),2025,5,8408,Jordan Mason,RB,MIN,RB,11.10,sanfbe,26,5
saulgoat,Borehamwood (2025),2025,5,HOU,Houston Texans,DEF,HOU,DEF,12.00,sanfbe,0,5
drjkay,Borehamwood (2025),2025,5,11586,Blake Corum,RB,LAR,BN,1.30,joshjr11,24,5
drjkay,Borehamwood (2025),2025,5,12185,Spencer Shrader,K,IND,K,2.00,joshjr11,26,5
drjkay,Borehamwood (2025),2025,5,12489,RJ Harvey,RB,DEN,BN,4.50,joshjr11,24,5
drjkay,Borehamwood (2025),2025,5,12507,Omarion Hampton,RB,LAC,RB,10.00,joshjr11,22,5
drjkay,Borehamwood (2025),2025,5,12512,Quinshon Judkins,RB,CLE,RB,13.30,joshjr11,21,5
drjkay,Borehamwood (2025),2025,5,1479,Keenan Allen,WR,,BN,8.30,joshjr11,33,5
drjkay,Borehamwood (2025),2025,5,4217,George Kittle,TE,SF,BN,0.00,joshjr11,31,5
drjkay,Borehamwood (2025),2025,5,5846,DK Metcalf,WR,PIT,BN,0.00,joshjr11,27,5
drjkay,Borehamwood (2025),2025,5,6794,Justin Jefferson,WR,MIN,WR,15.80,joshjr11,25,5
drjkay,Borehamwood (2025),2025,5,6797,Justin Herbert,QB,LAC,QB,16.64,joshjr11,27,5
drjkay,Borehamwood (2025),2025,5,6819,Michael Pittman,WR,IND,FLEX,12.40,joshjr11,27,5
drjkay,Borehamwood (2025),2025,5,7002,Juwan Johnson,TE,NO,TE,2.70,joshjr11,28,5
drjkay,Borehamwood (2025),2025,5,7607,Michael Carter,RB,ARI,BN,15.80,joshjr11,26,5
drjkay,Borehamwood (2025),2025,5,8132,Tyler Allgeier,RB,ATL,BN,0.00,joshjr11,25,5
drjkay,Borehamwood (2025),2025,5,8137,George Pickens,WR,DAL,WR,12.70,joshjr11,24,5
drjkay,Borehamwood (2025),2025,5,9224,Chase Brown,RB,CIN,BN,8.30,joshjr11,25,5
drjkay,Borehamwood (2025),2025,5,9493,Puka Nacua,WR,LAR,WR,19.50,joshjr11,24,5
drjkay,Borehamwood (2025),2025,5,SEA,Seattle Seahawks,DEF,SEA,DEF,-3.00,joshjr11,0,5
AlastairL,Borehamwood (2025),2025,5,11533,Brandon Aubrey,K,DAL,K,6.50,GSac,30,5
AlastairL,Borehamwood (2025),2025,5,11564,Drake Maye,QB,NE,BN,12.12,GSac,22,5
AlastairL,Borehamwood (2025),2025,5,11604,Brock Bowers,TE,LV,BN,0.00,GSac,22,5
AlastairL,Borehamwood (2025),2025,5,11624,Xavier Worthy,WR,KC,WR,8.10,GSac,22,5
AlastairL,Borehamwood (2025),2025,5,11638,Ricky Pearsall,WR,SF,BN,0.00,GSac,24,5
AlastairL,Borehamwood (2025),2025,5,2449,Stefon Diggs,WR,NE,BN,19.60,GSac,31,5
AlastairL,Borehamwood (2025),2025,5,3214,Hunter Henry,TE,NE,TE,5.60,GSac,30,5
AlastairL,Borehamwood (2025),2025,5,4034,Christian McCaffrey,RB,SF,RB,23.90,GSac,28,5
AlastairL,Borehamwood (2025),2025,5,6790,D'Andre Swift,RB,CHI,BN,0.00,GSac,26,5
AlastairL,Borehamwood (2025),2025,5,7547,Amon-Ra St. Brown,WR,DET,WR,14.00,GSac,25,5
AlastairL,Borehamwood (2025),2025,5,7591,Justin Fields,QB,NYJ,QB,29.92,GSac,26,5
AlastairL,Borehamwood (2025),2025,5,8148,Jameson Williams,WR,DET,WR,1.50,GSac,24,5
AlastairL,Borehamwood (2025),2025,5,8150,Kyren Williams,RB,LAR,RB,27.10,GSac,24,5
AlastairL,Borehamwood (2025),2025,5,8151,Kenneth Walker,RB,SEA,FLEX,9.10,GSac,24,5
AlastairL,Borehamwood (2025),2025,5,8154,Brian Robinson,RB,WAS,BN,1.20,GSac,26,5
AlastairL,Borehamwood (2025),2025,5,PHI,Philadelphia Eagles,DEF,PHI,DEF,2.00,GSac,0,5
GSac,Borehamwood (2025),2025,5,11620,Rome Odunze,WR,CHI,BN,0.00,AlastairL,22,5
GSac,Borehamwood (2025),2025,5,12506,Harold Fannin,TE,CLE,TE,9.30,AlastairL,20,5
GSac,Borehamwood (2025),2025,5,12711,Tyler Loop,K,BAL,K,4.00,AlastairL,,5
GSac,Borehamwood (2025),2025,5,4035,Alvin Kamara,RB,NO,RB,7.50,AlastairL,29,5
GSac,Borehamwood (2025),2025,5,4037,Chris Godwin,WR,TB,WR,4.10,AlastairL,29,5
GSac,Borehamwood (2025),2025,5,5927,Terry McLaurin,WR,WAS,BN,0.00,AlastairL,29,5
GSac,Borehamwood (2025),2025,5,6786,CeeDee Lamb,WR,DAL,BN,0.00,AlastairL,26,5
GSac,Borehamwood (2025),2025,5,6813,Jonathan Taylor,RB,IND,RB,30.10,AlastairL,26,5
GSac,Borehamwood (2025),2025,5,6904,Jalen Hurts,QB,PHI,QB,23.50,AlastairL,26,5
GSac,Borehamwood (2025),2025,5,7525,DeVonta Smith,WR,PHI,BN,15.40,AlastairL,26,5
GSac,Borehamwood (2025),2025,5,7588,Javonte Williams,RB,DAL,FLEX,26.40,AlastairL,25,5
GSac,Borehamwood (2025),2025,5,8126,Wan'Dale Robinson,WR,NYG,WR,5.70,AlastairL,24,5
GSac,Borehamwood (2025),2025,5,9484,Tucker Kraft,TE,GB,BN,0.00,AlastairL,24,5
GSac,Borehamwood (2025),2025,5,9754,Quentin Johnston,WR,LAC,WR,4.90,AlastairL,23,5
GSac,Borehamwood (2025),2025,5,9757,Kendre Miller,RB,NO,BN,5.40,AlastairL,22,5
GSac,Borehamwood (2025),2025,5,BUF,Buffalo Bills,DEF,BUF,DEF,6.00,AlastairL,0,5
sanfbe,Borehamwood (2025),2025,5,10444,Cedric Tillman,WR,CLE,BN,0.00,saulgoat,25,5
sanfbe,Borehamwood (2025),2025,5,10859,Sam LaPorta,TE,DET,TE,17.70,saulgoat,24,5
sanfbe,Borehamwood (2025),2025,5,2216,Mike Evans,WR,TB,BN,0.00,saulgoat,31,5
sanfbe,Borehamwood (2025),2025,5,4227,Harrison Butker,K,KC,K,4.00,saulgoat,29,5
sanfbe,Borehamwood (2025),2025,5,4984,Josh Allen,QB,BUF,QB,23.42,saulgoat,29,5
sanfbe,Borehamwood (2025),2025,5,5850,Josh Jacobs,RB,GB,BN,0.00,saulgoat,27,5
sanfbe,Borehamwood (2025),2025,5,5872,Deebo Samuel,WR,WAS,WR,19.60,saulgoat,29,5
sanfbe,Borehamwood (2025),2025,5,5947,Jakobi Meyers,WR,LV,WR,5.20,saulgoat,28,5
sanfbe,Borehamwood (2025),2025,5,6149,Darius Slayton,WR,NYG,FLEX,2.60,saulgoat,28,5
sanfbe,Borehamwood (2025),2025,5,6806,J.K. Dobbins,RB,DEN,RB,14.90,saulgoat,26,5
sanfbe,Borehamwood (2025),2025,5,7021,Rico Dowdle,RB,CAR,RB,30.90,saulgoat,26,5
sanfbe,Borehamwood (2025),2025,5,7594,Chuba Hubbard,RB,CAR,BN,0.00,saulgoat,25,5
sanfbe,Borehamwood (2025),2025,5,8146,Garrett Wilson,WR,NYJ,WR,16.10,saulgoat,24,5
sanfbe,Borehamwood (2025),2025,5,8228,Jaylen Warren,RB,PIT,BN,0.00,saulgoat,26,5
sanfbe,Borehamwood (2025),2025,5,9509,Bijan Robinson,RB,ATL,BN,0.00,saulgoat,23,5
sanfbe,Borehamwood (2025),2025,5,9753,Zach Charbonnet,RB,SEA,BN,11.30,saulgoat,24,5
sanfbe,Borehamwood (2025),2025,5,MIN,Minnesota Vikings,DEF,MIN,DEF,4.00,saulgoat,0,5
joshjr11,Borehamwood (2025),2025,6,10229,Rashee Rice,WR,KC,BN,0.00,saulgoat,25,6
joshjr11,Borehamwood (2025),2025,6,11631,Brian Thomas,WR,JAX,BN,19.00,saulgoat,22,6
joshjr11,Borehamwood (2025),2025,6,11786,Cam Little,K,JAX,K,-1.00,saulgoat,21,6
joshjr11,Borehamwood (2025),2025,6,12474,Woody Marks,RB,HOU,BN,0.00,saulgoat,24,6
joshjr11,Borehamwood (2025),2025,6,12514,Emeka Egbuka,WR,TB,WR,3.40,saulgoat,22,6
joshjr11,Borehamwood (2025),2025,6,12526,Tetairoa McMillan,WR,CAR,WR,16.40,saulgoat,22,6
joshjr11,Borehamwood (2025),2025,6,12533,Jacory Croskey-Merritt,RB,WAS,RB,5.30,saulgoat,24,6
joshjr11,Borehamwood (2025),2025,6,4137,James Conner,RB,ARI,BN,0.00,saulgoat,30,6
joshjr11,Borehamwood (2025),2025,6,5967,Tony Pollard,RB,TEN,BN,5.70,saulgoat,28,6
joshjr11,Borehamwood (2025),2025,6,6770,Joe Burrow,QB,CIN,BN,0.00,saulgoat,28,6
joshjr11,Borehamwood (2025),2025,6,6804,Jordan Love,QB,GB,QB,16.96,saulgoat,26,6
joshjr11,Borehamwood (2025),2025,6,7564,Ja'Marr Chase,WR,CIN,WR,20.10,saulgoat,25,6
joshjr11,Borehamwood (2025),2025,6,7611,Rhamondre Stevenson,RB,NE,BN,1.80,saulgoat,27,6
joshjr11,Borehamwood (2025),2025,6,8112,Drake London,WR,ATL,FLEX,26.80,saulgoat,23,6
joshjr11,Borehamwood (2025),2025,6,8130,Trey McBride,TE,ARI,TE,17.20,saulgoat,25,6
joshjr11,Borehamwood (2025),2025,6,8144,Chris Olave,WR,NO,BN,12.80,saulgoat,24,6
joshjr11,Borehamwood (2025),2025,6,9226,De'Von Achane,RB,MIA,RB,29.00,saulgoat,23,6
joshjr11,Borehamwood (2025),2025,6,GB,Green Bay Packers,DEF,GB,DEF,3.00,saulgoat,0,6
benjlev,Borehamwood (2025),2025,6,11628,Marvin Harrison,WR,ARI,WR,4.20,AlastairL,22,6
benjlev,Borehamwood (2025),2025,6,11635,Ladd McConkey,WR,LAC,WR,19.50,AlastairL,23,6
benjlev,Borehamwood (2025),2025,6,1466,Travis Kelce,TE,KC,TE,10.80,AlastairL,35,6
benjlev,Borehamwood (2025),2025,6,2747,Jason Myers,K,SEA,K,10.30,AlastairL,34,6
benjlev,Borehamwood (2025),2025,6,3198,Derrick Henry,RB,BAL,RB,13.50,AlastairL,31,6
benjlev,Borehamwood (2025),2025,6,3321,Tyreek Hill,WR,MIA,BN,0.00,AlastairL,31,6
benjlev,Borehamwood (2025),2025,6,4199,Aaron Jones,RB,MIN,BN,0.00,AlastairL,30,6
benjlev,Borehamwood (2025),2025,6,4381,Taysom Hill,TE,NO,BN,6.10,AlastairL,34,6
benjlev,Borehamwood (2025),2025,6,4454,Kendrick Bourne,WR,NE,BN,16.70,AlastairL,29,6
benjlev,Borehamwood (2025),2025,6,4866,Saquon Barkley,RB,PHI,RB,7.70,AlastairL,28,6
benjlev,Borehamwood (2025),2025,6,4881,Lamar Jackson,QB,BAL,BN,0.00,AlastairL,28,6
benjlev,Borehamwood (2025),2025,6,4892,Baker Mayfield,QB,TB,QB,23.64,AlastairL,30,6
benjlev,Borehamwood (2025),2025,6,5012,Mark Andrews,TE,BAL,BN,4.60,AlastairL,29,6
benjlev,Borehamwood (2025),2025,6,5892,David Montgomery,RB,DET,BN,7.10,AlastairL,27,6
benjlev,Borehamwood (2025),2025,6,8121,Romeo Doubs,WR,GB,WR,8.00,AlastairL,25,6
benjlev,Borehamwood (2025),2025,6,8155,Breece Hall,RB,NYJ,FLEX,5.90,AlastairL,24,6
benjlev,Borehamwood (2025),2025,6,9756,Jordan Addison,WR,MIN,BN,0.00,AlastairL,23,6
benjlev,Borehamwood (2025),2025,6,SF,San Francisco 49ers,DEF,SF,DEF,0.00,AlastairL,0,6
dpol,Borehamwood (2025),2025,6,10213,Tre Tucker,WR,LV,WR,9.50,GSac,24,6
dpol,Borehamwood (2025),2025,6,11539,Jake Bates,K,DET,K,5.00,GSac,26,6
dpol,Borehamwood (2025),2025,6,12481,Cam Skattebo,RB,NYG,BN,30.00,GSac,23,6
dpol,Borehamwood (2025),2025,6,12501,Matthew Golden,WR,GB,BN,11.70,GSac,21,6
dpol,Borehamwood (2025),2025,6,4035,Alvin Kamara,RB,NO,BN,10.10,GSac,29,6
dpol,Borehamwood (2025),2025,6,4046,Patrick Mahomes,QB,KC,QB,37.48,GSac,29,6
dpol,Borehamwood (2025),2025,6,5859,A.J. Brown,WR,PHI,WR,11.00,GSac,27,6
dpol,Borehamwood (2025),2025,6,6786,CeeDee Lamb,WR,DAL,BN,0.00,GSac,26,6
dpol,Borehamwood (2025),2025,6,7049,Jauan Jennings,WR,SF,FLEX,1.20,GSac,27,6
dpol,Borehamwood (2025),2025,6,8138,James Cook,RB,BUF,RB,8.70,GSac,25,6
dpol,Borehamwood (2025),2025,6,9221,Jahmyr Gibbs,RB,DET,RB,7.00,GSac,23,6
dpol,Borehamwood (2025),2025,6,9484,Tucker Kraft,TE,GB,TE,11.30,GSac,24,6
dpol,Borehamwood (2025),2025,6,9488,Jaxon Smith-Njigba,WR,SEA,WR,26.20,GSac,23,6
dpol,Borehamwood (2025),2025,6,9754,Quentin Johnston,WR,LAC,BN,0.00,GSac,23,6
dpol,Borehamwood (2025),2025,6,9997,Zay Flowers,WR,BAL,BN,5.60,GSac,24,6
dpol,Borehamwood (2025),2025,6,PIT,Pittsburgh Steelers,DEF,PIT,DEF,11.00,GSac,0,6
saulgoat,Borehamwood (2025),2025,6,11199,Emari Demercado,RB,ARI,BN,0.10,joshjr11,26,6
saulgoat,Borehamwood (2025),2025,6,11566,Jayden Daniels,QB,WAS,QB,27.64,joshjr11,24,6
saulgoat,Borehamwood (2025),2025,6,11584,Bucky Irving,RB,TB,BN,0.00,joshjr11,22,6
saulgoat,Borehamwood (2025),2025,6,11589,Trey Benson,RB,ARI,BN,0.00,joshjr11,22,6
saulgoat,Borehamwood (2025),2025,6,11632,Malik Nabers,WR,NYG,BN,0.00,joshjr11,21,6
saulgoat,Borehamwood (2025),2025,6,12518,Tyler Warren,TE,IND,TE,15.30,joshjr11,23,6
saulgoat,Borehamwood (2025),2025,6,12529,TreVeyon Henderson,RB,NE,RB,4.10,joshjr11,22,6
saulgoat,Borehamwood (2025),2025,6,17,Matt Prater,K,,K,2.00,joshjr11,40,6
saulgoat,Borehamwood (2025),2025,6,4981,Calvin Ridley,WR,TEN,WR,2.30,joshjr11,30,6
saulgoat,Borehamwood (2025),2025,6,5045,Courtland Sutton,WR,DEN,WR,2.20,joshjr11,29,6
saulgoat,Borehamwood (2025),2025,6,6801,Tee Higgins,WR,CIN,BN,8.70,joshjr11,26,6
saulgoat,Borehamwood (2025),2025,6,7526,Jaylen Waddle,WR,MIA,WR,12.82,joshjr11,26,6
saulgoat,Borehamwood (2025),2025,6,7543,Travis Etienne,RB,JAX,FLEX,7.50,joshjr11,26,6
saulgoat,Borehamwood (2025),2025,6,7567,Kenneth Gainwell,RB,PIT,BN,6.60,joshjr11,26,6
saulgoat,Borehamwood (2025),2025,6,7569,Nico Collins,WR,HOU,BN,0.00,joshjr11,26,6
saulgoat,Borehamwood (2025),2025,6,8136,Rachaad White,RB,TB,RB,16.10,joshjr11,26,6
saulgoat,Borehamwood (2025),2025,6,8408,Jordan Mason,RB,MIN,BN,0.00,joshjr11,26,6
saulgoat,Borehamwood (2025),2025,6,LV,Las Vegas Raiders,DEF,LV,DEF,17.00,joshjr11,0,6
drjkay,Borehamwood (2025),2025,6,11586,Blake Corum,RB,LAR,BN,2.30,sanfbe,24,6
drjkay,Borehamwood (2025),2025,6,12489,RJ Harvey,RB,DEN,BN,4.50,sanfbe,24,6
drjkay,Borehamwood (2025),2025,6,12507,Omarion Hampton,RB,LAC,BN,0.00,sanfbe,22,6
drjkay,Borehamwood (2025),2025,6,12512,Quinshon Judkins,RB,CLE,RB,3.60,sanfbe,21,6
drjkay,Borehamwood (2025),2025,6,1479,Keenan Allen,WR,,BN,4.70,sanfbe,33,6
drjkay,Borehamwood (2025),2025,6,3294,Dak Prescott,QB,DAL,QB,28.34,sanfbe,31,6
drjkay,Borehamwood (2025),2025,6,4217,George Kittle,TE,SF,BN,0.00,sanfbe,31,6
drjkay,Borehamwood (2025),2025,6,5230,Michael Badgley,K,,K,8.50,sanfbe,29,6
drjkay,Borehamwood (2025),2025,6,6794,Justin Jefferson,WR,MIN,BN,0.00,sanfbe,25,6
drjkay,Borehamwood (2025),2025,6,6806,J.K. Dobbins,RB,DEN,FLEX,4.00,sanfbe,26,6
drjkay,Borehamwood (2025),2025,6,6819,Michael Pittman,WR,IND,WR,3.00,sanfbe,27,6
drjkay,Borehamwood (2025),2025,6,7607,Michael Carter,RB,ARI,RB,7.40,sanfbe,26,6
drjkay,Borehamwood (2025),2025,6,8132,Tyler Allgeier,RB,ATL,BN,10.30,sanfbe,25,6
drjkay,Borehamwood (2025),2025,6,8137,George Pickens,WR,DAL,WR,27.30,sanfbe,24,6
drjkay,Borehamwood (2025),2025,6,8698,Jake Tonges,TE,SF,TE,8.80,sanfbe,25,6
drjkay,Borehamwood (2025),2025,6,9224,Chase Brown,RB,CIN,BN,7.90,sanfbe,25,6
drjkay,Borehamwood (2025),2025,6,9493,Puka Nacua,WR,LAR,WR,3.80,sanfbe,24,6
drjkay,Borehamwood (2025),2025,6,DEN,Denver Broncos,DEF,DEN,DEF,14.00,sanfbe,0,6
AlastairL,Borehamwood (2025),2025,6,11533,Brandon Aubrey,K,DAL,K,9.00,benjlev,30,6
AlastairL,Borehamwood (2025),2025,6,11564,Drake Maye,QB,NE,QB,33.24,benjlev,22,6
AlastairL,Borehamwood (2025),2025,6,11604,Brock Bowers,TE,LV,BN,0.00,benjlev,22,6
AlastairL,Borehamwood (2025),2025,6,11624,Xavier Worthy,WR,KC,WR,9.60,benjlev,22,6
AlastairL,Borehamwood (2025),2025,6,11638,Ricky Pearsall,WR,SF,BN,0.00,benjlev,24,6
AlastairL,Borehamwood (2025),2025,6,2449,Stefon Diggs,WR,NE,WR,4.30,benjlev,31,6
AlastairL,Borehamwood (2025),2025,6,2505,Darren Waller,TE,,TE,8.20,benjlev,32,6
AlastairL,Borehamwood (2025),2025,6,4034,Christian McCaffrey,RB,SF,RB,20.60,benjlev,28,6
AlastairL,Borehamwood (2025),2025,6,6790,D'Andre Swift,RB,CHI,BN,24.50,benjlev,26,6
AlastairL,Borehamwood (2025),2025,6,7547,Amon-Ra St. Brown,WR,DET,WR,9.20,benjlev,25,6
AlastairL,Borehamwood (2025),2025,6,7591,Justin Fields,QB,NYJ,BN,4.90,benjlev,26,6
AlastairL,Borehamwood (2025),2025,6,8148,Jameson Williams,WR,DET,BN,15.60,benjlev,24,6
AlastairL,Borehamwood (2025),2025,6,8150,Kyren Williams,RB,LAR,RB,15.70,benjlev,24,6
AlastairL,Borehamwood (2025),2025,6,8151,Kenneth Walker,RB,SEA,FLEX,4.20,benjlev,24,6
AlastairL,Borehamwood (2025),2025,6,8154,Brian Robinson,RB,WAS,BN,2.30,benjlev,26,6
AlastairL,Borehamwood (2025),2025,6,PHI,Philadelphia Eagles,DEF,PHI,DEF,1.00,benjlev,0,6
GSac,Borehamwood (2025),2025,6,11620,Rome Odunze,WR,CHI,WR,4.20,dpol,22,6
GSac,Borehamwood (2025),2025,6,12506,Harold Fannin,TE,CLE,BN,11.60,dpol,20,6
GSac,Borehamwood (2025),2025,6,12527,Ashton Jeanty,RB,LV,FLEX,15.60,dpol,21,6
GSac,Borehamwood (2025),2025,6,2133,Davante Adams,WR,LAR,WR,5.90,dpol,32,6
GSac,Borehamwood (2025),2025,6,4037,Chris Godwin,WR,TB,BN,0.00,dpol,29,6
GSac,Borehamwood (2025),2025,6,5189,Eddy Pineiro,K,,K,18.80,dpol,29,6
GSac,Borehamwood (2025),2025,6,5927,Terry McLaurin,WR,WAS,BN,0.00,dpol,29,6
GSac,Borehamwood (2025),2025,6,6813,Jonathan Taylor,RB,IND,RB,21.70,dpol,26,6
GSac,Borehamwood (2025),2025,6,6904,Jalen Hurts,QB,PHI,QB,22.62,dpol,26,6
GSac,Borehamwood (2025),2025,6,7525,DeVonta Smith,WR,PHI,WR,6.90,dpol,26,6
GSac,Borehamwood (2025),2025,6,7588,Javonte Williams,RB,DAL,RB,5.90,dpol,25,6
GSac,Borehamwood (2025),2025,6,8110,Jake Ferguson,TE,DAL,TE,10.80,dpol,26,6
GSac,Borehamwood (2025),2025,6,8122,Zonovan Knight,RB,NYJ,BN,11.90,dpol,24,6
GSac,Borehamwood (2025),2025,6,8126,Wan'Dale Robinson,WR,NYG,BN,17.40,dpol,24,6
GSac,Borehamwood (2025),2025,6,9757,Kendre Miller,RB,NO,BN,3.70,dpol,22,6
GSac,Borehamwood (2025),2025,6,NE,New England Patriots,DEF,NE,DEF,6.00,dpol,0,6
sanfbe,Borehamwood (2025),2025,6,10444,Cedric Tillman,WR,CLE,BN,0.00,drjkay,25,6
sanfbe,Borehamwood (2025),2025,6,10859,Sam LaPorta,TE,DET,TE,14.00,drjkay,24,6
sanfbe,Borehamwood (2025),2025,6,2216,Mike Evans,WR,TB,BN,0.00,drjkay,31,6
sanfbe,Borehamwood (2025),2025,6,4984,Josh Allen,QB,BUF,QB,19.40,drjkay,29,6
sanfbe,Borehamwood (2025),2025,6,5846,DK Metcalf,WR,PIT,WR,17.50,drjkay,27,6
sanfbe,Borehamwood (2025),2025,6,5850,Josh Jacobs,RB,GB,RB,29.50,drjkay,27,6
sanfbe,Borehamwood (2025),2025,6,5872,Deebo Samuel,WR,WAS,WR,3.40,drjkay,29,6
sanfbe,Borehamwood (2025),2025,6,5947,Jakobi Meyers,WR,LV,BN,5.90,drjkay,28,6
sanfbe,Borehamwood (2025),2025,6,6083,Matt Gay,K,WAS,K,8.30,drjkay,31,6
sanfbe,Borehamwood (2025),2025,6,6149,Darius Slayton,WR,NYG,BN,0.00,drjkay,28,6
sanfbe,Borehamwood (2025),2025,6,7021,Rico Dowdle,RB,CAR,FLEX,31.90,drjkay,26,6
sanfbe,Borehamwood (2025),2025,6,7594,Chuba Hubbard,RB,CAR,BN,0.00,drjkay,25,6
sanfbe,Borehamwood (2025),2025,6,8146,Garrett Wilson,WR,NYJ,WR,2.80,drjkay,24,6
sanfbe,Borehamwood (2025),2025,6,8228,Jaylen Warren,RB,PIT,BN,7.30,drjkay,26,6
sanfbe,Borehamwood (2025),2025,6,9509,Bijan Robinson,RB,ATL,RB,32.80,drjkay,23,6
sanfbe,Borehamwood (2025),2025,6,9753,Zach Charbonnet,RB,SEA,BN,4.20,drjkay,24,6
sanfbe,Borehamwood (2025),2025,6,IND,Indianapolis Colts,DEF,IND,DEF,4.00,drjkay,0,6
joshjr11,Borehamwood (2025),2025,7,10229,Rashee Rice,WR,KC,WR,19.70,AlastairL,25,7
joshjr11,Borehamwood (2025),2025,7,11560,Caleb Williams,QB,CHI,QB,4.68,AlastairL,23,7
joshjr11,Borehamwood (2025),2025,7,11631,Brian Thomas,WR,JAX,WR,4.60,AlastairL,22,7
joshjr11,Borehamwood (2025),2025,7,12474,Woody Marks,RB,HOU,BN,11.00,AlastairL,24,7
joshjr11,Borehamwood (2025),2025,7,12514,Emeka Egbuka,WR,TB,BN,7.80,AlastairL,22,7
joshjr11,Borehamwood (2025),2025,7,12526,Tetairoa McMillan,WR,CAR,BN,4.80,AlastairL,22,7
joshjr11,Borehamwood (2025),2025,7,12533,Jacory Croskey-Merritt,RB,WAS,RB,3.70,AlastairL,24,7
joshjr11,Borehamwood (2025),2025,7,4137,James Conner,RB,ARI,BN,0.00,AlastairL,30,7
joshjr11,Borehamwood (2025),2025,7,5967,Tony Pollard,RB,TEN,BN,9.10,AlastairL,28,7
joshjr11,Borehamwood (2025),2025,7,6770,Joe Burrow,QB,CIN,BN,0.00,AlastairL,28,7
joshjr11,Borehamwood (2025),2025,7,7564,Ja'Marr Chase,WR,CIN,WR,30.10,AlastairL,25,7
joshjr11,Borehamwood (2025),2025,7,7611,Rhamondre Stevenson,RB,NE,BN,15.80,AlastairL,27,7
joshjr11,Borehamwood (2025),2025,7,8112,Drake London,WR,ATL,FLEX,6.20,AlastairL,23,7
joshjr11,Borehamwood (2025),2025,7,8130,Trey McBride,TE,ARI,TE,24.40,AlastairL,25,7
joshjr11,Borehamwood (2025),2025,7,8144,Chris Olave,WR,NO,BN,24.30,AlastairL,24,7
joshjr11,Borehamwood (2025),2025,7,8259,Cameron Dicker,K,LAC,K,7.30,AlastairL,25,7
joshjr11,Borehamwood (2025),2025,7,9226,De'Von Achane,RB,MIA,RB,11.30,AlastairL,23,7
joshjr11,Borehamwood (2025),2025,7,GB,Green Bay Packers,DEF,GB,DEF,8.00,AlastairL,0,7
benjlev,Borehamwood (2025),2025,7,11628,Marvin Harrison,WR,ARI,BN,6.80,saulgoat,22,7
benjlev,Borehamwood (2025),2025,7,11635,Ladd McConkey,WR,LAC,WR,11.20,saulgoat,23,7
benjlev,Borehamwood (2025),2025,7,1466,Travis Kelce,TE,KC,TE,6.90,saulgoat,35,7
benjlev,Borehamwood (2025),2025,7,2747,Jason Myers,K,SEA,K,10.70,saulgoat,34,7
benjlev,Borehamwood (2025),2025,7,3198,Derrick Henry,RB,BAL,BN,0.00,saulgoat,31,7
benjlev,Borehamwood (2025),2025,7,3321,Tyreek Hill,WR,MIA,BN,0.00,saulgoat,31,7
benjlev,Borehamwood (2025),2025,7,4199,Aaron Jones,RB,MIN,BN,0.00,saulgoat,30,7
benjlev,Borehamwood (2025),2025,7,4381,Taysom Hill,TE,NO,BN,1.80,saulgoat,34,7
benjlev,Borehamwood (2025),2025,7,4454,Kendrick Bourne,WR,NE,WR,2.40,saulgoat,29,7
benjlev,Borehamwood (2025),2025,7,4866,Saquon Barkley,RB,PHI,RB,4.70,saulgoat,28,7
benjlev,Borehamwood (2025),2025,7,4881,Lamar Jackson,QB,BAL,BN,0.00,saulgoat,28,7
benjlev,Borehamwood (2025),2025,7,4892,Baker Mayfield,QB,TB,QB,13.12,saulgoat,30,7
benjlev,Borehamwood (2025),2025,7,5012,Mark Andrews,TE,BAL,BN,0.00,saulgoat,29,7
benjlev,Borehamwood (2025),2025,7,5892,David Montgomery,RB,DET,RB,4.90,saulgoat,27,7
benjlev,Borehamwood (2025),2025,7,8121,Romeo Doubs,WR,GB,WR,10.20,saulgoat,25,7
benjlev,Borehamwood (2025),2025,7,8155,Breece Hall,RB,NYJ,FLEX,6.20,saulgoat,24,7
benjlev,Borehamwood (2025),2025,7,9756,Jordan Addison,WR,MIN,BN,17.30,saulgoat,23,7
benjlev,Borehamwood (2025),2025,7,SF,San Francisco 49ers,DEF,SF,DEF,9.00,saulgoat,0,7
dpol,Borehamwood (2025),2025,7,11539,Jake Bates,K,DET,K,8.80,sanfbe,26,7
dpol,Borehamwood (2025),2025,7,12481,Cam Skattebo,RB,NYG,RB,16.90,sanfbe,23,7
dpol,Borehamwood (2025),2025,7,12501,Matthew Golden,WR,GB,BN,5.70,sanfbe,21,7
dpol,Borehamwood (2025),2025,7,4035,Alvin Kamara,RB,NO,BN,4.40,sanfbe,29,7
dpol,Borehamwood (2025),2025,7,4046,Patrick Mahomes,QB,KC,QB,32.24,sanfbe,29,7
dpol,Borehamwood (2025),2025,7,5859,A.J. Brown,WR,PHI,WR,26.10,sanfbe,27,7
dpol,Borehamwood (2025),2025,7,6786,CeeDee Lamb,WR,DAL,WR,19.50,sanfbe,26,7
dpol,Borehamwood (2025),2025,7,7049,Jauan Jennings,WR,SF,BN,5.10,sanfbe,27,7
dpol,Borehamwood (2025),2025,7,8138,James Cook,RB,BUF,BN,0.00,sanfbe,25,7
dpol,Borehamwood (2025),2025,7,8205,Isiah Pacheco,RB,KC,BN,11.90,sanfbe,26,7
dpol,Borehamwood (2025),2025,7,9221,Jahmyr Gibbs,RB,DET,RB,35.30,sanfbe,23,7
dpol,Borehamwood (2025),2025,7,9484,Tucker Kraft,TE,GB,TE,14.30,sanfbe,24,7
dpol,Borehamwood (2025),2025,7,9488,Jaxon Smith-Njigba,WR,SEA,WR,22.30,sanfbe,23,7
dpol,Borehamwood (2025),2025,7,9754,Quentin Johnston,WR,LAC,FLEX,10.00,sanfbe,23,7
dpol,Borehamwood (2025),2025,7,9997,Zay Flowers,WR,BAL,BN,0.00,sanfbe,24,7
dpol,Borehamwood (2025),2025,7,PIT,Pittsburgh Steelers,DEF,PIT,DEF,1.00,sanfbe,0,7
saulgoat,Borehamwood (2025),2025,7,11199,Emari Demercado,RB,ARI,BN,0.00,benjlev,26,7
saulgoat,Borehamwood (2025),2025,7,11566,Jayden Daniels,QB,WAS,QB,19.74,benjlev,24,7
saulgoat,Borehamwood (2025),2025,7,11584,Bucky Irving,RB,TB,BN,0.00,benjlev,22,7
saulgoat,Borehamwood (2025),2025,7,11589,Trey Benson,RB,ARI,BN,0.00,benjlev,22,7
saulgoat,Borehamwood (2025),2025,7,11632,Malik Nabers,WR,NYG,BN,0.00,benjlev,21,7
saulgoat,Borehamwood (2025),2025,7,12518,Tyler Warren,TE,IND,TE,14.90,benjlev,23,7
saulgoat,Borehamwood (2025),2025,7,12529,TreVeyon Henderson,RB,NE,BN,0.50,benjlev,22,7
saulgoat,Borehamwood (2025),2025,7,4227,Harrison Butker,K,KC,K,7.80,benjlev,29,7
saulgoat,Borehamwood (2025),2025,7,4981,Calvin Ridley,WR,TEN,BN,0.00,benjlev,30,7
saulgoat,Borehamwood (2025),2025,7,5045,Courtland Sutton,WR,DEN,WR,13.70,benjlev,29,7
saulgoat,Borehamwood (2025),2025,7,6801,Tee Higgins,WR,CIN,BN,18.60,benjlev,26,7
saulgoat,Borehamwood (2025),2025,7,7526,Jaylen Waddle,WR,MIA,WR,2.00,benjlev,26,7
saulgoat,Borehamwood (2025),2025,7,7543,Travis Etienne,RB,JAX,FLEX,6.00,benjlev,26,7
saulgoat,Borehamwood (2025),2025,7,7567,Kenneth Gainwell,RB,PIT,BN,2.50,benjlev,26,7
saulgoat,Borehamwood (2025),2025,7,7569,Nico Collins,WR,HOU,WR,4.70,benjlev,26,7
saulgoat,Borehamwood (2025),2025,7,8136,Rachaad White,RB,TB,RB,6.40,benjlev,26,7
saulgoat,Borehamwood (2025),2025,7,8408,Jordan Mason,RB,MIN,RB,11.70,benjlev,26,7
saulgoat,Borehamwood (2025),2025,7,BUF,Buffalo Bills,DEF,BUF,BN,0.00,benjlev,0,7
saulgoat,Borehamwood (2025),2025,7,LV,Las Vegas Raiders,DEF,LV,DEF,0.00,benjlev,0,7
drjkay,Borehamwood (2025),2025,7,11647,Kimani Vidal,RB,LAC,FLEX,5.50,GSac,23,7
drjkay,Borehamwood (2025),2025,7,12489,RJ Harvey,RB,DEN,BN,6.70,GSac,24,7
drjkay,Borehamwood (2025),2025,7,12507,Omarion Hampton,RB,LAC,BN,0.00,GSac,22,7
drjkay,Borehamwood (2025),2025,7,12512,Quinshon Judkins,RB,CLE,RB,26.40,GSac,21,7
drjkay,Borehamwood (2025),2025,7,1479,Keenan Allen,WR,,BN,23.40,GSac,33,7
drjkay,Borehamwood (2025),2025,7,3294,Dak Prescott,QB,DAL,QB,29.26,GSac,31,7
drjkay,Borehamwood (2025),2025,7,4217,George Kittle,TE,SF,TE,0.00,GSac,31,7
drjkay,Borehamwood (2025),2025,7,5230,Michael Badgley,K,,K,5.60,GSac,29,7
drjkay,Borehamwood (2025),2025,7,6794,Justin Jefferson,WR,MIN,WR,10.40,GSac,25,7
drjkay,Borehamwood (2025),2025,7,6806,J.K. Dobbins,RB,DEN,RB,8.50,GSac,26,7
drjkay,Borehamwood (2025),2025,7,6819,Michael Pittman,WR,IND,WR,17.30,GSac,27,7
drjkay,Borehamwood (2025),2025,7,7607,Michael Carter,RB,ARI,BN,4.60,GSac,26,7
drjkay,Borehamwood (2025),2025,7,8132,Tyler Allgeier,RB,ATL,BN,1.60,GSac,25,7
drjkay,Borehamwood (2025),2025,7,8137,George Pickens,WR,DAL,WR,10.20,GSac,24,7
drjkay,Borehamwood (2025),2025,7,9224,Chase Brown,RB,CIN,BN,11.00,GSac,25,7
drjkay,Borehamwood (2025),2025,7,9493,Puka Nacua,WR,LAR,BN,0.00,GSac,24,7
drjkay,Borehamwood (2025),2025,7,DEN,Denver Broncos,DEF,DEN,DEF,5.00,GSac,0,7
AlastairL,Borehamwood (2025),2025,7,10236,Dalton Kincaid,TE,BUF,BN,0.00,joshjr11,25,7
AlastairL,Borehamwood (2025),2025,7,11533,Brandon Aubrey,K,DAL,K,18.80,joshjr11,30,7
AlastairL,Borehamwood (2025),2025,7,11564,Drake Maye,QB,NE,QB,27.08,joshjr11,22,7
AlastairL,Borehamwood (2025),2025,7,11604,Brock Bowers,TE,LV,BN,0.00,joshjr11,22,7
AlastairL,Borehamwood (2025),2025,7,11624,Xavier Worthy,WR,KC,WR,6.30,joshjr11,22,7
AlastairL,Borehamwood (2025),2025,7,11638,Ricky Pearsall,WR,SF,BN,0.00,joshjr11,24,7
AlastairL,Borehamwood (2025),2025,7,2449,Stefon Diggs,WR,NE,WR,10.40,joshjr11,31,7
AlastairL,Borehamwood (2025),2025,7,2505,Darren Waller,TE,,TE,0.00,joshjr11,32,7
AlastairL,Borehamwood (2025),2025,7,4034,Christian McCaffrey,RB,SF,RB,35.60,joshjr11,28,7
AlastairL,Borehamwood (2025),2025,7,6790,D'Andre Swift,RB,CHI,FLEX,20.30,joshjr11,26,7
AlastairL,Borehamwood (2025),2025,7,7547,Amon-Ra St. Brown,WR,DET,WR,17.60,joshjr11,25,7
AlastairL,Borehamwood (2025),2025,7,7591,Justin Fields,QB,NYJ,BN,4.04,joshjr11,26,7
AlastairL,Borehamwood (2025),2025,7,8148,Jameson Williams,WR,DET,BN,0.00,joshjr11,24,7
AlastairL,Borehamwood (2025),2025,7,8150,Kyren Williams,RB,LAR,RB,7.50,joshjr11,24,7
AlastairL,Borehamwood (2025),2025,7,8151,Kenneth Walker,RB,SEA,BN,6.60,joshjr11,24,7
AlastairL,Borehamwood (2025),2025,7,8154,Brian Robinson,RB,WAS,BN,3.60,joshjr11,26,7
AlastairL,Borehamwood (2025),2025,7,KC,Kansas City Chiefs,DEF,KC,DEF,13.00,joshjr11,0,7
GSac,Borehamwood (2025),2025,7,11620,Rome Odunze,WR,CHI,WR,4.10,drjkay,22,7
GSac,Borehamwood (2025),2025,7,12506,Harold Fannin,TE,CLE,BN,5.60,drjkay,20,7
GSac,Borehamwood (2025),2025,7,12527,Ashton Jeanty,RB,LV,FLEX,3.90,drjkay,21,7
GSac,Borehamwood (2025),2025,7,2133,Davante Adams,WR,LAR,WR,24.00,drjkay,32,7
GSac,Borehamwood (2025),2025,7,5189,Eddy Pineiro,K,,K,11.80,drjkay,29,7
GSac,Borehamwood (2025),2025,7,5927,Terry McLaurin,WR,WAS,BN,0.00,drjkay,29,7
GSac,Borehamwood (2025),2025,7,6813,Jonathan Taylor,RB,IND,RB,32.70,drjkay,26,7
GSac,Borehamwood (2025),2025,7,6904,Jalen Hurts,QB,PHI,QB,30.04,drjkay,26,7
GSac,Borehamwood (2025),2025,7,7525,DeVonta Smith,WR,PHI,WR,28.80,drjkay,26,7
GSac,Borehamwood (2025),2025,7,7588,Javonte Williams,RB,DAL,RB,18.30,drjkay,25,7
GSac,Borehamwood (2025),2025,7,8110,Jake Ferguson,TE,DAL,TE,18.40,drjkay,26,7
GSac,Borehamwood (2025),2025,7,8126,Wan'Dale Robinson,WR,NYG,BN,12.50,drjkay,24,7
GSac,Borehamwood (2025),2025,7,8167,Christian Watson,WR,GB,BN,0.00,drjkay,26,7
GSac,Borehamwood (2025),2025,7,9508,Tyjae Spears,RB,TEN,BN,5.50,drjkay,23,7
GSac,Borehamwood (2025),2025,7,9757,Kendre Miller,RB,NO,BN,0.70,drjkay,22,7
GSac,Borehamwood (2025),2025,7,NE,New England Patriots,DEF,NE,DEF,20.00,drjkay,0,7
sanfbe,Borehamwood (2025),2025,7,10444,Cedric Tillman,WR,CLE,BN,0.00,dpol,25,7
sanfbe,Borehamwood (2025),2025,7,10859,Sam LaPorta,TE,DET,TE,3.00,dpol,24,7
sanfbe,Borehamwood (2025),2025,7,11650,Luke McCaffrey,WR,WAS,WR,0.00,dpol,24,7
sanfbe,Borehamwood (2025),2025,7,2216,Mike Evans,WR,TB,WR,0.00,dpol,31,7
sanfbe,Borehamwood (2025),2025,7,3163,Jared Goff,QB,DET,QB,12.34,dpol,30,7
sanfbe,Borehamwood (2025),2025,7,4984,Josh Allen,QB,BUF,BN,0.00,dpol,29,7
sanfbe,Borehamwood (2025),2025,7,5846,DK Metcalf,WR,PIT,WR,6.50,dpol,27,7
sanfbe,Borehamwood (2025),2025,7,5850,Josh Jacobs,RB,GB,RB,18.30,dpol,27,7
sanfbe,Borehamwood (2025),2025,7,5872,Deebo Samuel,WR,WAS,BN,0.00,dpol,29,7
sanfbe,Borehamwood (2025),2025,7,6083,Matt Gay,K,WAS,K,2.00,dpol,31,7
sanfbe,Borehamwood (2025),2025,7,7021,Rico Dowdle,RB,CAR,RB,10.10,dpol,26,7
sanfbe,Borehamwood (2025),2025,7,7594,Chuba Hubbard,RB,CAR,BN,6.50,dpol,25,7
sanfbe,Borehamwood (2025),2025,7,8146,Garrett Wilson,WR,NYJ,BN,0.00,dpol,24,7
sanfbe,Borehamwood (2025),2025,7,8228,Jaylen Warren,RB,PIT,BN,17.80,dpol,26,7
sanfbe,Borehamwood (2025),2025,7,9509,Bijan Robinson,RB,ATL,FLEX,18.20,dpol,23,7
sanfbe,Borehamwood (2025),2025,7,9753,Zach Charbonnet,RB,SEA,BN,18.50,dpol,24,7
sanfbe,Borehamwood (2025),2025,7,IND,Indianapolis Colts,DEF,IND,DEF,7.00,dpol,0,7
joshjr11,Borehamwood (2025),2025,8,10229,Rashee Rice,WR,KC,FLEX,21.00,benjlev,25,8
joshjr11,Borehamwood (2025),2025,8,11631,Brian Thomas,WR,JAX,BN,0.00,benjlev,22,8
joshjr11,Borehamwood (2025),2025,8,12474,Woody Marks,RB,HOU,BN,13.10,benjlev,24,8
joshjr11,Borehamwood (2025),2025,8,12514,Emeka Egbuka,WR,TB,WR,5.00,benjlev,22,8
joshjr11,Borehamwood (2025),2025,8,4137,James Conner,RB,ARI,BN,0.00,benjlev,30,8
joshjr11,Borehamwood (2025),2025,8,5001,Dalton Schultz,TE,HOU,TE,3.40,benjlev,28,8
joshjr11,Borehamwood (2025),2025,8,5870,Daniel Jones,QB,IND,QB,29.18,benjlev,28,8
joshjr11,Borehamwood (2025),2025,8,5967,Tony Pollard,RB,TEN,BN,5.80,benjlev,28,8
joshjr11,Borehamwood (2025),2025,8,6770,Joe Burrow,QB,CIN,BN,0.00,benjlev,28,8
joshjr11,Borehamwood (2025),2025,8,7564,Ja'Marr Chase,WR,CIN,WR,15.10,benjlev,25,8
joshjr11,Borehamwood (2025),2025,8,7611,Rhamondre Stevenson,RB,NE,BN,5.40,benjlev,27,8
joshjr11,Borehamwood (2025),2025,8,8112,Drake London,WR,ATL,BN,0.00,benjlev,23,8
joshjr11,Borehamwood (2025),2025,8,8130,Trey McBride,TE,ARI,BN,0.00,benjlev,25,8
joshjr11,Borehamwood (2025),2025,8,8144,Chris Olave,WR,NO,WR,10.00,benjlev,24,8
joshjr11,Borehamwood (2025),2025,8,8259,Cameron Dicker,K,LAC,K,16.20,benjlev,25,8
joshjr11,Borehamwood (2025),2025,8,9224,Chase Brown,RB,CIN,RB,24.00,benjlev,25,8
joshjr11,Borehamwood (2025),2025,8,9226,De'Von Achane,RB,MIA,RB,17.60,benjlev,23,8
joshjr11,Borehamwood (2025),2025,8,GB,Green Bay Packers,DEF,GB,DEF,5.00,benjlev,0,8
benjlev,Borehamwood (2025),2025,8,11628,Marvin Harrison,WR,ARI,BN,0.00,joshjr11,22,8
benjlev,Borehamwood (2025),2025,8,11635,Ladd McConkey,WR,LAC,WR,17.80,joshjr11,23,8
benjlev,Borehamwood (2025),2025,8,1466,Travis Kelce,TE,KC,TE,18.90,joshjr11,35,8
benjlev,Borehamwood (2025),2025,8,2747,Jason Myers,K,SEA,BN,0.00,joshjr11,34,8
benjlev,Borehamwood (2025),2025,8,3198,Derrick Henry,RB,BAL,RB,19.10,joshjr11,31,8
benjlev,Borehamwood (2025),2025,8,3321,Tyreek Hill,WR,MIA,BN,0.00,joshjr11,31,8
benjlev,Borehamwood (2025),2025,8,3678,Wil Lutz,K,DEN,K,9.20,joshjr11,30,8
benjlev,Borehamwood (2025),2025,8,4199,Aaron Jones,RB,MIN,BN,4.00,joshjr11,30,8
benjlev,Borehamwood (2025),2025,8,4454,Kendrick Bourne,WR,NE,BN,5.90,joshjr11,29,8
benjlev,Borehamwood (2025),2025,8,4866,Saquon Barkley,RB,PHI,RB,31.40,joshjr11,28,8
benjlev,Borehamwood (2025),2025,8,4881,Lamar Jackson,QB,BAL,BN,0.00,joshjr11,28,8
benjlev,Borehamwood (2025),2025,8,4892,Baker Mayfield,QB,TB,QB,4.08,joshjr11,30,8
benjlev,Borehamwood (2025),2025,8,5892,David Montgomery,RB,DET,BN,0.00,joshjr11,27,8
benjlev,Borehamwood (2025),2025,8,8121,Romeo Doubs,WR,GB,WR,7.90,joshjr11,25,8
benjlev,Borehamwood (2025),2025,8,8155,Breece Hall,RB,NYJ,FLEX,33.86,joshjr11,24,8
benjlev,Borehamwood (2025),2025,8,9756,Jordan Addison,WR,MIN,WR,10.10,joshjr11,23,8
benjlev,Borehamwood (2025),2025,8,SF,San Francisco 49ers,DEF,SF,DEF,2.00,joshjr11,0,8
dpol,Borehamwood (2025),2025,8,12481,Cam Skattebo,RB,NYG,RB,9.50,drjkay,23,8
dpol,Borehamwood (2025),2025,8,12501,Matthew Golden,WR,GB,BN,1.90,drjkay,21,8
dpol,Borehamwood (2025),2025,8,4035,Alvin Kamara,RB,NO,FLEX,5.50,drjkay,29,8
dpol,Borehamwood (2025),2025,8,4046,Patrick Mahomes,QB,KC,QB,28.96,drjkay,29,8
dpol,Borehamwood (2025),2025,8,5859,A.J. Brown,WR,PHI,BN,0.00,drjkay,27,8
dpol,Borehamwood (2025),2025,8,6650,Chase McLaughlin,K,TB,K,18.10,drjkay,29,8
dpol,Borehamwood (2025),2025,8,6786,CeeDee Lamb,WR,DAL,WR,11.10,drjkay,26,8
dpol,Borehamwood (2025),2025,8,7049,Jauan Jennings,WR,SF,BN,6.50,drjkay,27,8
dpol,Borehamwood (2025),2025,8,8138,James Cook,RB,BUF,RB,33.60,drjkay,25,8
dpol,Borehamwood (2025),2025,8,8205,Isiah Pacheco,RB,KC,BN,5.80,drjkay,26,8
dpol,Borehamwood (2025),2025,8,9221,Jahmyr Gibbs,RB,DET,BN,0.00,drjkay,23,8
dpol,Borehamwood (2025),2025,8,9484,Tucker Kraft,TE,GB,TE,29.80,drjkay,24,8
dpol,Borehamwood (2025),2025,8,9488,Jaxon Smith-Njigba,WR,SEA,BN,0.00,drjkay,23,8
dpol,Borehamwood (2025),2025,8,9754,Quentin Johnston,WR,LAC,WR,0.00,drjkay,23,8
dpol,Borehamwood (2025),2025,8,9997,Zay Flowers,WR,BAL,WR,10.60,drjkay,24,8
dpol,Borehamwood (2025),2025,8,ATL,Atlanta Falcons,DEF,ATL,DEF,0.00,drjkay,0,8
saulgoat,Borehamwood (2025),2025,8,11563,Bo Nix,QB,DEN,QB,31.78,AlastairL,25,8
saulgoat,Borehamwood (2025),2025,8,11566,Jayden Daniels,QB,WAS,BN,0.00,AlastairL,24,8
saulgoat,Borehamwood (2025),2025,8,11584,Bucky Irving,RB,TB,BN,0.00,AlastairL,22,8
saulgoat,Borehamwood (2025),2025,8,11589,Trey Benson,RB,ARI,BN,0.00,AlastairL,22,8
saulgoat,Borehamwood (2025),2025,8,11632,Malik Nabers,WR,NYG,BN,0.00,AlastairL,21,8
saulgoat,Borehamwood (2025),2025,8,12518,Tyler Warren,TE,IND,TE,7.30,AlastairL,23,8
saulgoat,Borehamwood (2025),2025,8,12529,TreVeyon Henderson,RB,NE,BN,5.50,AlastairL,22,8
saulgoat,Borehamwood (2025),2025,8,4227,Harrison Butker,K,KC,K,4.00,AlastairL,29,8
saulgoat,Borehamwood (2025),2025,8,4981,Calvin Ridley,WR,TEN,BN,0.00,AlastairL,30,8
saulgoat,Borehamwood (2025),2025,8,5045,Courtland Sutton,WR,DEN,WR,8.70,AlastairL,29,8
saulgoat,Borehamwood (2025),2025,8,6801,Tee Higgins,WR,CIN,FLEX,10.90,AlastairL,26,8
saulgoat,Borehamwood (2025),2025,8,7090,Darnell Mooney,WR,ATL,WR,1.60,AlastairL,27,8
saulgoat,Borehamwood (2025),2025,8,7526,Jaylen Waddle,WR,MIA,WR,18.40,AlastairL,26,8
saulgoat,Borehamwood (2025),2025,8,7543,Travis Etienne,RB,JAX,BN,0.00,AlastairL,26,8
saulgoat,Borehamwood (2025),2025,8,7569,Nico Collins,WR,HOU,BN,0.00,AlastairL,26,8
saulgoat,Borehamwood (2025),2025,8,8136,Rachaad White,RB,TB,RB,7.10,AlastairL,26,8
saulgoat,Borehamwood (2025),2025,8,8408,Jordan Mason,RB,MIN,RB,1.10,AlastairL,26,8
saulgoat,Borehamwood (2025),2025,8,BUF,Buffalo Bills,DEF,BUF,DEF,18.00,AlastairL,0,8
drjkay,Borehamwood (2025),2025,8,11647,Kimani Vidal,RB,LAC,FLEX,19.20,dpol,23,8
drjkay,Borehamwood (2025),2025,8,12489,RJ Harvey,RB,DEN,BN,23.60,dpol,24,8
drjkay,Borehamwood (2025),2025,8,12507,Omarion Hampton,RB,LAC,BN,0.00,dpol,22,8
drjkay,Borehamwood (2025),2025,8,12512,Quinshon Judkins,RB,CLE,RB,3.20,dpol,21,8
drjkay,Borehamwood (2025),2025,8,12526,Tetairoa McMillan,WR,CAR,BN,13.40,dpol,22,8
drjkay,Borehamwood (2025),2025,8,12533,Jacory Croskey-Merritt,RB,WAS,BN,2.50,dpol,24,8
drjkay,Borehamwood (2025),2025,8,1479,Keenan Allen,WR,,BN,6.40,dpol,33,8
drjkay,Borehamwood (2025),2025,8,3294,Dak Prescott,QB,DAL,QB,6.62,dpol,31,8
drjkay,Borehamwood (2025),2025,8,3451,Ka'imi Fairbairn,K,HOU,K,15.40,dpol,31,8
drjkay,Borehamwood (2025),2025,8,4217,George Kittle,TE,SF,TE,12.30,dpol,31,8
drjkay,Borehamwood (2025),2025,8,6794,Justin Jefferson,WR,MIN,WR,10.90,dpol,25,8
drjkay,Borehamwood (2025),2025,8,6806,J.K. Dobbins,RB,DEN,RB,13.10,dpol,26,8
drjkay,Borehamwood (2025),2025,8,6819,Michael Pittman,WR,IND,WR,19.50,dpol,27,8
drjkay,Borehamwood (2025),2025,8,8132,Tyler Allgeier,RB,ATL,BN,8.40,dpol,25,8
drjkay,Borehamwood (2025),2025,8,8137,George Pickens,WR,DAL,WR,11.30,dpol,24,8
drjkay,Borehamwood (2025),2025,8,9493,Puka Nacua,WR,LAR,BN,0.00,dpol,24,8
drjkay,Borehamwood (2025),2025,8,PHI,Philadelphia Eagles,DEF,PHI,DEF,7.00,dpol,0,8
AlastairL,Borehamwood (2025),2025,8,11533,Brandon Aubrey,K,DAL,K,6.00,saulgoat,30,8
AlastairL,Borehamwood (2025),2025,8,11564,Drake Maye,QB,NE,QB,32.28,saulgoat,22,8
AlastairL,Borehamwood (2025),2025,8,11604,Brock Bowers,TE,LV,BN,0.00,saulgoat,22,8
AlastairL,Borehamwood (2025),2025,8,11624,Xavier Worthy,WR,KC,WR,7.80,saulgoat,22,8
AlastairL,Borehamwood (2025),2025,8,11638,Ricky Pearsall,WR,SF,BN,0.00,saulgoat,24,8
AlastairL,Borehamwood (2025),2025,8,12536,Jaylin Noel,WR,HOU,WR,8.80,saulgoat,22,8
AlastairL,Borehamwood (2025),2025,8,2449,Stefon Diggs,WR,NE,WR,8.90,saulgoat,31,8
AlastairL,Borehamwood (2025),2025,8,4034,Christian McCaffrey,RB,SF,RB,8.30,saulgoat,28,8
AlastairL,Borehamwood (2025),2025,8,5022,Dallas Goedert,TE,PHI,TE,16.30,saulgoat,30,8
AlastairL,Borehamwood (2025),2025,8,6790,D'Andre Swift,RB,CHI,RB,14.10,saulgoat,26,8
AlastairL,Borehamwood (2025),2025,8,7547,Amon-Ra St. Brown,WR,DET,BN,0.00,saulgoat,25,8
AlastairL,Borehamwood (2025),2025,8,7553,Kyle Pitts,TE,ATL,FLEX,10.40,saulgoat,24,8
AlastairL,Borehamwood (2025),2025,8,8150,Kyren Williams,RB,LAR,BN,0.00,saulgoat,24,8
AlastairL,Borehamwood (2025),2025,8,8151,Kenneth Walker,RB,SEA,BN,0.00,saulgoat,24,8
AlastairL,Borehamwood (2025),2025,8,8154,Brian Robinson,RB,WAS,BN,0.00,saulgoat,26,8
AlastairL,Borehamwood (2025),2025,8,KC,Kansas City Chiefs,DEF,KC,DEF,11.00,saulgoat,0,8
GSac,Borehamwood (2025),2025,8,11620,Rome Odunze,WR,CHI,WR,14.90,sanfbe,22,8
GSac,Borehamwood (2025),2025,8,12527,Ashton Jeanty,RB,LV,BN,0.00,sanfbe,21,8
GSac,Borehamwood (2025),2025,8,12530,Travis Hunter,DB,JAX,BN,0.00,sanfbe,22,8
GSac,Borehamwood (2025),2025,8,2133,Davante Adams,WR,LAR,BN,0.00,sanfbe,32,8
GSac,Borehamwood (2025),2025,8,421,Matthew Stafford,QB,LAR,BN,0.00,sanfbe,37,8
GSac,Borehamwood (2025),2025,8,5189,Eddy Pineiro,K,,K,1.00,sanfbe,29,8
GSac,Borehamwood (2025),2025,8,5927,Terry McLaurin,WR,WAS,FLEX,12.90,sanfbe,29,8
GSac,Borehamwood (2025),2025,8,6813,Jonathan Taylor,RB,IND,RB,36.40,sanfbe,26,8
GSac,Borehamwood (2025),2025,8,6904,Jalen Hurts,QB,PHI,QB,33.36,sanfbe,26,8
GSac,Borehamwood (2025),2025,8,7525,DeVonta Smith,WR,PHI,WR,11.40,sanfbe,26,8
GSac,Borehamwood (2025),2025,8,7588,Javonte Williams,RB,DAL,RB,17.40,sanfbe,25,8
GSac,Borehamwood (2025),2025,8,8110,Jake Ferguson,TE,DAL,TE,0.00,sanfbe,26,8
GSac,Borehamwood (2025),2025,8,8126,Wan'Dale Robinson,WR,NYG,WR,6.30,sanfbe,24,8
GSac,Borehamwood (2025),2025,8,8167,Christian Watson,WR,GB,BN,10.50,sanfbe,26,8
GSac,Borehamwood (2025),2025,8,9508,Tyjae Spears,RB,TEN,BN,15.70,sanfbe,23,8
GSac,Borehamwood (2025),2025,8,NE,New England Patriots,DEF,NE,DEF,12.00,sanfbe,0,8
sanfbe,Borehamwood (2025),2025,8,10444,Cedric Tillman,WR,CLE,BN,0.00,GSac,25,8
sanfbe,Borehamwood (2025),2025,8,10859,Sam LaPorta,TE,DET,BN,0.00,GSac,24,8
sanfbe,Borehamwood (2025),2025,8,12485,Tez Johnson,WR,TB,WR,6.80,GSac,23,8
sanfbe,Borehamwood (2025),2025,8,12493,Oronde Gadsden,TE,LAC,TE,16.20,GSac,21,8
sanfbe,Borehamwood (2025),2025,8,12534,Kyle Monangai,RB,CHI,BN,2.40,GSac,22,8
sanfbe,Borehamwood (2025),2025,8,1945,Chris Boswell,K,PIT,K,22.00,GSac,34,8
sanfbe,Borehamwood (2025),2025,8,4984,Josh Allen,QB,BUF,QB,25.22,GSac,29,8
sanfbe,Borehamwood (2025),2025,8,5846,DK Metcalf,WR,PIT,WR,14.00,GSac,27,8
sanfbe,Borehamwood (2025),2025,8,5850,Josh Jacobs,RB,GB,FLEX,12.00,GSac,27,8
sanfbe,Borehamwood (2025),2025,8,5872,Deebo Samuel,WR,WAS,WR,2.70,GSac,29,8
sanfbe,Borehamwood (2025),2025,8,7021,Rico Dowdle,RB,CAR,RB,5.40,GSac,26,8
sanfbe,Borehamwood (2025),2025,8,7594,Chuba Hubbard,RB,CAR,BN,9.40,GSac,25,8
sanfbe,Borehamwood (2025),2025,8,8146,Garrett Wilson,WR,NYJ,BN,0.00,GSac,24,8
sanfbe,Borehamwood (2025),2025,8,8228,Jaylen Warren,RB,PIT,BN,8.30,GSac,26,8
sanfbe,Borehamwood (2025),2025,8,9509,Bijan Robinson,RB,ATL,RB,4.30,GSac,23,8
sanfbe,Borehamwood (2025),2025,8,9753,Zach Charbonnet,RB,SEA,BN,0.00,GSac,24,8
sanfbe,Borehamwood (2025),2025,8,IND,Indianapolis Colts,DEF,IND,DEF,8.00,GSac,0,8
joshjr11,Borehamwood (2025),2025,9,10229,Rashee Rice,WR,KC,WR,16.60,GSac,25,9
joshjr11,Borehamwood (2025),2025,9,11539,Jake Bates,K,DET,K,7.10,GSac,26,9
joshjr11,Borehamwood (2025),2025,9,11631,Brian Thomas,WR,JAX,BN,7.00,GSac,22,9
joshjr11,Borehamwood (2025),2025,9,12474,Woody Marks,RB,HOU,BN,2.70,GSac,24,9
joshjr11,Borehamwood (2025),2025,9,4137,James Conner,RB,ARI,BN,0.00,GSac,30,9
joshjr11,Borehamwood (2025),2025,9,5870,Daniel Jones,QB,IND,BN,16.08,GSac,28,9
joshjr11,Borehamwood (2025),2025,9,5967,Tony Pollard,RB,TEN,BN,7.30,GSac,28,9
joshjr11,Borehamwood (2025),2025,9,6770,Joe Burrow,QB,CIN,BN,0.00,GSac,28,9
joshjr11,Borehamwood (2025),2025,9,6794,Justin Jefferson,WR,MIN,WR,13.70,GSac,25,9
joshjr11,Borehamwood (2025),2025,9,6797,Justin Herbert,QB,LAC,QB,31.70,GSac,27,9
joshjr11,Borehamwood (2025),2025,9,7564,Ja'Marr Chase,WR,CIN,WR,14.10,GSac,25,9
joshjr11,Borehamwood (2025),2025,9,7611,Rhamondre Stevenson,RB,NE,BN,0.00,GSac,27,9
joshjr11,Borehamwood (2025),2025,9,8112,Drake London,WR,ATL,FLEX,34.30,GSac,23,9
joshjr11,Borehamwood (2025),2025,9,8130,Trey McBride,TE,ARI,TE,14.00,GSac,25,9
joshjr11,Borehamwood (2025),2025,9,8144,Chris Olave,WR,NO,BN,7.20,GSac,24,9
joshjr11,Borehamwood (2025),2025,9,9224,Chase Brown,RB,CIN,RB,15.20,GSac,25,9
joshjr11,Borehamwood (2025),2025,9,9226,De'Von Achane,RB,MIA,RB,13.60,GSac,23,9
joshjr11,Borehamwood (2025),2025,9,GB,Green Bay Packers,DEF,GB,DEF,5.00,GSac,0,9
benjlev,Borehamwood (2025),2025,9,11628,Marvin Harrison,WR,ARI,FLEX,19.10,sanfbe,22,9
benjlev,Borehamwood (2025),2025,9,11635,Ladd McConkey,WR,LAC,WR,7.60,sanfbe,23,9
benjlev,Borehamwood (2025),2025,9,1466,Travis Kelce,TE,KC,TE,10.60,sanfbe,35,9
benjlev,Borehamwood (2025),2025,9,2747,Jason Myers,K,SEA,K,9.10,sanfbe,34,9
benjlev,Borehamwood (2025),2025,9,3198,Derrick Henry,RB,BAL,RB,12.60,sanfbe,31,9
benjlev,Borehamwood (2025),2025,9,3321,Tyreek Hill,WR,MIA,BN,0.00,sanfbe,31,9
benjlev,Borehamwood (2025),2025,9,3678,Wil Lutz,K,DEN,BN,4.40,sanfbe,30,9
benjlev,Borehamwood (2025),2025,9,4199,Aaron Jones,RB,MIN,BN,10.80,sanfbe,30,9
benjlev,Borehamwood (2025),2025,9,4454,Kendrick Bourne,WR,NE,BN,4.40,sanfbe,29,9
benjlev,Borehamwood (2025),2025,9,4866,Saquon Barkley,RB,PHI,BN,0.00,sanfbe,28,9
benjlev,Borehamwood (2025),2025,9,4881,Lamar Jackson,QB,BAL,QB,33.56,sanfbe,28,9
benjlev,Borehamwood (2025),2025,9,4892,Baker Mayfield,QB,TB,BN,0.00,sanfbe,30,9
benjlev,Borehamwood (2025),2025,9,5892,David Montgomery,RB,DET,RB,10.00,sanfbe,27,9
benjlev,Borehamwood (2025),2025,9,8121,Romeo Doubs,WR,GB,WR,12.60,sanfbe,25,9
benjlev,Borehamwood (2025),2025,9,8155,Breece Hall,RB,NYJ,BN,0.00,sanfbe,24,9
benjlev,Borehamwood (2025),2025,9,9756,Jordan Addison,WR,MIN,WR,7.40,sanfbe,23,9
benjlev,Borehamwood (2025),2025,9,SF,San Francisco 49ers,DEF,SF,DEF,2.00,sanfbe,0,9
dpol,Borehamwood (2025),2025,9,11655,Tyrone Tracy,RB,NYG,RB,5.20,saulgoat,25,9
dpol,Borehamwood (2025),2025,9,12481,Cam Skattebo,RB,NYG,BN,0.00,saulgoat,23,9
dpol,Borehamwood (2025),2025,9,12711,Tyler Loop,K,BAL,K,4.00,saulgoat,,9
dpol,Borehamwood (2025),2025,9,4035,Alvin Kamara,RB,NO,BN,0.20,saulgoat,29,9
dpol,Borehamwood (2025),2025,9,4046,Patrick Mahomes,QB,KC,QB,10.50,saulgoat,29,9
dpol,Borehamwood (2025),2025,9,5859,A.J. Brown,WR,PHI,BN,0.00,saulgoat,27,9
dpol,Borehamwood (2025),2025,9,5947,Jakobi Meyers,WR,LV,BN,4.30,saulgoat,28,9
dpol,Borehamwood (2025),2025,9,6650,Chase McLaughlin,K,TB,BN,0.00,saulgoat,29,9
dpol,Borehamwood (2025),2025,9,6786,CeeDee Lamb,WR,DAL,WR,12.00,saulgoat,26,9
dpol,Borehamwood (2025),2025,9,7049,Jauan Jennings,WR,SF,BN,12.10,saulgoat,27,9
dpol,Borehamwood (2025),2025,9,8122,Zonovan Knight,RB,NYJ,BN,5.70,saulgoat,24,9
dpol,Borehamwood (2025),2025,9,8138,James Cook,RB,BUF,FLEX,13.00,saulgoat,25,9
dpol,Borehamwood (2025),2025,9,9221,Jahmyr Gibbs,RB,DET,RB,4.30,saulgoat,23,9
dpol,Borehamwood (2025),2025,9,9484,Tucker Kraft,TE,GB,TE,3.00,saulgoat,24,9
dpol,Borehamwood (2025),2025,9,9488,Jaxon Smith-Njigba,WR,SEA,WR,18.00,saulgoat,23,9
dpol,Borehamwood (2025),2025,9,9754,Quentin Johnston,WR,LAC,BN,13.30,saulgoat,23,9
dpol,Borehamwood (2025),2025,9,9997,Zay Flowers,WR,BAL,WR,8.90,saulgoat,24,9
dpol,Borehamwood (2025),2025,9,NE,New England Patriots,DEF,NE,DEF,1.00,saulgoat,0,9
saulgoat,Borehamwood (2025),2025,9,11563,Bo Nix,QB,DEN,BN,22.52,dpol,25,9
saulgoat,Borehamwood (2025),2025,9,11566,Jayden Daniels,QB,WAS,QB,15.22,dpol,24,9
saulgoat,Borehamwood (2025),2025,9,11584,Bucky Irving,RB,TB,BN,0.00,dpol,22,9
saulgoat,Borehamwood (2025),2025,9,11589,Trey Benson,RB,ARI,BN,0.00,dpol,22,9
saulgoat,Borehamwood (2025),2025,9,11632,Malik Nabers,WR,NYG,BN,0.00,dpol,21,9
saulgoat,Borehamwood (2025),2025,9,12518,Tyler Warren,TE,IND,TE,5.10,dpol,23,9
saulgoat,Borehamwood (2025),2025,9,12529,TreVeyon Henderson,RB,NE,RB,10.70,dpol,22,9
saulgoat,Borehamwood (2025),2025,9,12540,Chimere Dike,WR,TEN,BN,7.00,dpol,23,9
saulgoat,Borehamwood (2025),2025,9,4227,Harrison Butker,K,KC,K,8.60,dpol,29,9
saulgoat,Borehamwood (2025),2025,9,5045,Courtland Sutton,WR,DEN,WR,9.50,dpol,29,9
saulgoat,Borehamwood (2025),2025,9,6801,Tee Higgins,WR,CIN,FLEX,29.60,dpol,26,9
saulgoat,Borehamwood (2025),2025,9,7526,Jaylen Waddle,WR,MIA,WR,11.20,dpol,26,9
saulgoat,Borehamwood (2025),2025,9,7543,Travis Etienne,RB,JAX,RB,14.00,dpol,26,9
saulgoat,Borehamwood (2025),2025,9,7569,Nico Collins,WR,HOU,WR,11.00,dpol,26,9
saulgoat,Borehamwood (2025),2025,9,8136,Rachaad White,RB,TB,BN,0.00,dpol,26,9
saulgoat,Borehamwood (2025),2025,9,8408,Jordan Mason,RB,MIN,BN,4.20,dpol,26,9
saulgoat,Borehamwood (2025),2025,9,9487,Parker Washington,WR,JAX,BN,13.00,dpol,23,9
saulgoat,Borehamwood (2025),2025,9,LAC,Los Angeles Chargers,DEF,LAC,DEF,6.00,dpol,0,9
drjkay,Borehamwood (2025),2025,9,11647,Kimani Vidal,RB,LAC,RB,3.00,AlastairL,23,9
drjkay,Borehamwood (2025),2025,9,12489,RJ Harvey,RB,DEN,BN,14.10,AlastairL,24,9
drjkay,Borehamwood (2025),2025,9,12507,Omarion Hampton,RB,LAC,BN,0.00,AlastairL,22,9
drjkay,Borehamwood (2025),2025,9,12512,Quinshon Judkins,RB,CLE,BN,0.00,AlastairL,21,9
drjkay,Borehamwood (2025),2025,9,12514,Emeka Egbuka,WR,TB,BN,0.00,AlastairL,22,9
drjkay,Borehamwood (2025),2025,9,12526,Tetairoa McMillan,WR,CAR,FLEX,6.60,AlastairL,22,9
drjkay,Borehamwood (2025),2025,9,12533,Jacory Croskey-Merritt,RB,WAS,BN,4.60,AlastairL,24,9
drjkay,Borehamwood (2025),2025,9,1479,Keenan Allen,WR,,BN,5.10,AlastairL,33,9
drjkay,Borehamwood (2025),2025,9,3294,Dak Prescott,QB,DAL,QB,17.40,AlastairL,31,9
drjkay,Borehamwood (2025),2025,9,3451,Ka'imi Fairbairn,K,HOU,K,19.00,AlastairL,31,9
drjkay,Borehamwood (2025),2025,9,4098,Kareem Hunt,RB,KC,RB,12.00,AlastairL,29,9
drjkay,Borehamwood (2025),2025,9,4217,George Kittle,TE,SF,TE,4.90,AlastairL,31,9
drjkay,Borehamwood (2025),2025,9,6806,J.K. Dobbins,RB,DEN,BN,6.40,AlastairL,26,9
drjkay,Borehamwood (2025),2025,9,6819,Michael Pittman,WR,IND,WR,16.00,AlastairL,27,9
drjkay,Borehamwood (2025),2025,9,8137,George Pickens,WR,DAL,WR,10.90,AlastairL,24,9
drjkay,Borehamwood (2025),2025,9,9493,Puka Nacua,WR,LAR,WR,19.30,AlastairL,24,9
drjkay,Borehamwood (2025),2025,9,SEA,Seattle Seahawks,DEF,SEA,DEF,10.00,AlastairL,0,9
AlastairL,Borehamwood (2025),2025,9,11533,Brandon Aubrey,K,DAL,K,5.00,drjkay,30,9
AlastairL,Borehamwood (2025),2025,9,11564,Drake Maye,QB,NE,QB,20.36,drjkay,22,9
AlastairL,Borehamwood (2025),2025,9,11604,Brock Bowers,TE,LV,TE,37.30,drjkay,22,9
AlastairL,Borehamwood (2025),2025,9,11624,Xavier Worthy,WR,KC,WR,4.50,drjkay,22,9
AlastairL,Borehamwood (2025),2025,9,11638,Ricky Pearsall,WR,SF,BN,0.00,drjkay,24,9
AlastairL,Borehamwood (2025),2025,9,2449,Stefon Diggs,WR,NE,WR,11.30,drjkay,31,9
AlastairL,Borehamwood (2025),2025,9,4034,Christian McCaffrey,RB,SF,RB,31.80,drjkay,28,9
AlastairL,Borehamwood (2025),2025,9,5022,Dallas Goedert,TE,PHI,BN,0.00,drjkay,30,9
AlastairL,Borehamwood (2025),2025,9,6790,D'Andre Swift,RB,CHI,BN,0.00,drjkay,26,9
AlastairL,Borehamwood (2025),2025,9,7547,Amon-Ra St. Brown,WR,DET,WR,14.20,drjkay,25,9
AlastairL,Borehamwood (2025),2025,9,8148,Jameson Williams,WR,DET,BN,14.60,drjkay,24,9
AlastairL,Borehamwood (2025),2025,9,8150,Kyren Williams,RB,LAR,FLEX,17.40,drjkay,24,9
AlastairL,Borehamwood (2025),2025,9,8151,Kenneth Walker,RB,SEA,RB,7.10,drjkay,24,9
AlastairL,Borehamwood (2025),2025,9,8154,Brian Robinson,RB,WAS,BN,11.30,drjkay,26,9
AlastairL,Borehamwood (2025),2025,9,9504,Kayshon Boutte,WR,NE,BN,0.00,drjkay,23,9
AlastairL,Borehamwood (2025),2025,9,DEN,Denver Broncos,DEF,DEN,DEF,6.00,drjkay,0,9
GSac,Borehamwood (2025),2025,9,11571,Isaiah Davis,RB,NYJ,BN,0.00,joshjr11,23,9
GSac,Borehamwood (2025),2025,9,11620,Rome Odunze,WR,CHI,WR,0.00,joshjr11,22,9
GSac,Borehamwood (2025),2025,9,12527,Ashton Jeanty,RB,LV,FLEX,17.40,joshjr11,21,9
GSac,Borehamwood (2025),2025,9,12530,Travis Hunter,DB,JAX,BN,0.00,joshjr11,22,9
GSac,Borehamwood (2025),2025,9,2133,Davante Adams,WR,LAR,WR,20.50,joshjr11,32,9
GSac,Borehamwood (2025),2025,9,4037,Chris Godwin,WR,TB,BN,0.00,joshjr11,29,9
GSac,Borehamwood (2025),2025,9,421,Matthew Stafford,QB,LAR,QB,34.84,joshjr11,37,9
GSac,Borehamwood (2025),2025,9,5189,Eddy Pineiro,K,,K,12.70,joshjr11,29,9
GSac,Borehamwood (2025),2025,9,5927,Terry McLaurin,WR,WAS,BN,0.00,joshjr11,29,9
GSac,Borehamwood (2025),2025,9,6813,Jonathan Taylor,RB,IND,RB,6.70,joshjr11,26,9
GSac,Borehamwood (2025),2025,9,6904,Jalen Hurts,QB,PHI,BN,0.00,joshjr11,26,9
GSac,Borehamwood (2025),2025,9,7525,DeVonta Smith,WR,PHI,BN,0.00,joshjr11,26,9
GSac,Borehamwood (2025),2025,9,7588,Javonte Williams,RB,DAL,RB,6.80,joshjr11,25,9
GSac,Borehamwood (2025),2025,9,8110,Jake Ferguson,TE,DAL,TE,5.50,joshjr11,26,9
GSac,Borehamwood (2025),2025,9,8126,Wan'Dale Robinson,WR,NYG,WR,9.10,joshjr11,24,9
GSac,Borehamwood (2025),2025,9,8134,Khalil Shakir,WR,BUF,BN,7.80,joshjr11,25,9
GSac,Borehamwood (2025),2025,9,9508,Tyjae Spears,RB,TEN,BN,7.70,joshjr11,23,9
GSac,Borehamwood (2025),2025,9,CLE,Cleveland Browns,DEF,CLE,BN,0.00,joshjr11,0,9
GSac,Borehamwood (2025),2025,9,LAR,Los Angeles Rams,DEF,LAR,DEF,10.00,joshjr11,0,9
sanfbe,Borehamwood (2025),2025,9,10444,Cedric Tillman,WR,CLE,BN,0.00,benjlev,25,9
sanfbe,Borehamwood (2025),2025,9,10859,Sam LaPorta,TE,DET,BN,18.70,benjlev,24,9
sanfbe,Borehamwood (2025),2025,9,11627,Troy Franklin,WR,DEN,WR,6.30,benjlev,22,9
sanfbe,Borehamwood (2025),2025,9,12493,Oronde Gadsden,TE,LAC,TE,9.30,benjlev,21,9
sanfbe,Borehamwood (2025),2025,9,12534,Kyle Monangai,RB,CHI,FLEX,21.30,benjlev,22,9
sanfbe,Borehamwood (2025),2025,9,1945,Chris Boswell,K,PIT,K,10.60,benjlev,34,9
sanfbe,Borehamwood (2025),2025,9,4984,Josh Allen,QB,BUF,QB,30.82,benjlev,29,9
sanfbe,Borehamwood (2025),2025,9,5846,DK Metcalf,WR,PIT,WR,1.60,benjlev,27,9
sanfbe,Borehamwood (2025),2025,9,5850,Josh Jacobs,RB,GB,RB,18.00,benjlev,27,9
sanfbe,Borehamwood (2025),2025,9,5872,Deebo Samuel,WR,WAS,WR,6.90,benjlev,29,9
sanfbe,Borehamwood (2025),2025,9,7021,Rico Dowdle,RB,CAR,BN,27.10,benjlev,26,9
sanfbe,Borehamwood (2025),2025,9,7594,Chuba Hubbard,RB,CAR,BN,1.70,benjlev,25,9
sanfbe,Borehamwood (2025),2025,9,8146,Garrett Wilson,WR,NYJ,BN,0.00,benjlev,24,9
sanfbe,Borehamwood (2025),2025,9,8228,Jaylen Warren,RB,PIT,BN,15.90,benjlev,26,9
sanfbe,Borehamwood (2025),2025,9,9509,Bijan Robinson,RB,ATL,RB,13.60,benjlev,23,9
sanfbe,Borehamwood (2025),2025,9,9753,Zach Charbonnet,RB,SEA,BN,5.10,benjlev,24,9
sanfbe,Borehamwood (2025),2025,9,DET,Detroit Lions,DEF,DET,DEF,7.00,benjlev,0,9
joshjr11,Borehamwood (2025),2025,10,10229,Rashee Rice,WR,KC,BN,0.00,sanfbe,25,10
joshjr11,Borehamwood (2025),2025,10,11631,Brian Thomas,WR,JAX,BN,0.00,sanfbe,22,10
joshjr11,Borehamwood (2025),2025,10,12474,Woody Marks,RB,HOU,RB,15.10,sanfbe,24,10
joshjr11,Borehamwood (2025),2025,10,12508,Jaxson Dart,QB,NYG,BN,26.28,sanfbe,22,10
joshjr11,Borehamwood (2025),2025,10,4137,James Conner,RB,ARI,BN,0.00,sanfbe,30,10
joshjr11,Borehamwood (2025),2025,10,4983,DJ Moore,WR,CHI,FLEX,0.00,sanfbe,28,10
joshjr11,Borehamwood (2025),2025,10,6770,Joe Burrow,QB,CIN,BN,0.00,sanfbe,28,10
joshjr11,Borehamwood (2025),2025,10,6794,Justin Jefferson,WR,MIN,WR,5.70,sanfbe,25,10
joshjr11,Borehamwood (2025),2025,10,6797,Justin Herbert,QB,LAC,QB,16.70,sanfbe,27,10
joshjr11,Borehamwood (2025),2025,10,7564,Ja'Marr Chase,WR,CIN,BN,0.00,sanfbe,25,10
joshjr11,Borehamwood (2025),2025,10,7611,Rhamondre Stevenson,RB,NE,BN,0.00,sanfbe,27,10
joshjr11,Borehamwood (2025),2025,10,8112,Drake London,WR,ATL,WR,21.40,sanfbe,23,10
joshjr11,Borehamwood (2025),2025,10,8130,Trey McBride,TE,ARI,TE,23.20,sanfbe,25,10
joshjr11,Borehamwood (2025),2025,10,8144,Chris Olave,WR,NO,WR,18.90,sanfbe,24,10
joshjr11,Borehamwood (2025),2025,10,8205,Isiah Pacheco,RB,KC,BN,0.00,sanfbe,26,10
joshjr11,Borehamwood (2025),2025,10,8259,Cameron Dicker,K,LAC,K,15.30,sanfbe,25,10
joshjr11,Borehamwood (2025),2025,10,9224,Chase Brown,RB,CIN,BN,0.00,sanfbe,25,10
joshjr11,Borehamwood (2025),2025,10,9226,De'Von Achane,RB,MIA,RB,37.50,sanfbe,23,10
joshjr11,Borehamwood (2025),2025,10,BAL,Baltimore Ravens,DEF,BAL,DEF,9.00,sanfbe,0,10
benjlev,Borehamwood (2025),2025,10,11628,Marvin Harrison,WR,ARI,FLEX,12.80,GSac,22,10
benjlev,Borehamwood (2025),2025,10,11635,Ladd McConkey,WR,LAC,WR,18.70,GSac,23,10
benjlev,Borehamwood (2025),2025,10,1466,Travis Kelce,TE,KC,BN,0.00,GSac,35,10
benjlev,Borehamwood (2025),2025,10,2747,Jason Myers,K,SEA,K,16.20,GSac,34,10
benjlev,Borehamwood (2025),2025,10,3198,Derrick Henry,RB,BAL,RB,9.90,GSac,31,10
benjlev,Borehamwood (2025),2025,10,3321,Tyreek Hill,WR,MIA,BN,0.00,GSac,31,10
benjlev,Borehamwood (2025),2025,10,3678,Wil Lutz,K,DEN,BN,4.20,GSac,30,10
benjlev,Borehamwood (2025),2025,10,4199,Aaron Jones,RB,MIN,BN,14.40,GSac,30,10
benjlev,Borehamwood (2025),2025,10,4454,Kendrick Bourne,WR,NE,BN,2.40,GSac,29,10
benjlev,Borehamwood (2025),2025,10,4866,Saquon Barkley,RB,PHI,RB,11.60,GSac,28,10
benjlev,Borehamwood (2025),2025,10,4881,Lamar Jackson,QB,BAL,QB,18.64,GSac,28,10
benjlev,Borehamwood (2025),2025,10,4892,Baker Mayfield,QB,TB,BN,28.92,GSac,30,10
benjlev,Borehamwood (2025),2025,10,5012,Mark Andrews,TE,BAL,TE,8.90,GSac,29,10
benjlev,Borehamwood (2025),2025,10,5892,David Montgomery,RB,DET,BN,9.60,GSac,27,10
benjlev,Borehamwood (2025),2025,10,8121,Romeo Doubs,WR,GB,WR,1.00,GSac,25,10
benjlev,Borehamwood (2025),2025,10,8155,Breece Hall,RB,NYJ,BN,19.00,GSac,24,10
benjlev,Borehamwood (2025),2025,10,9756,Jordan Addison,WR,MIN,WR,5.00,GSac,23,10
benjlev,Borehamwood (2025),2025,10,SF,San Francisco 49ers,DEF,SF,DEF,-3.00,GSac,0,10
dpol,Borehamwood (2025),2025,10,11655,Tyrone Tracy,RB,NYG,BN,7.60,AlastairL,25,10
dpol,Borehamwood (2025),2025,10,12481,Cam Skattebo,RB,NYG,BN,0.00,AlastairL,23,10
dpol,Borehamwood (2025),2025,10,12517,Colston Loveland,TE,CHI,TE,7.50,AlastairL,21,10
dpol,Borehamwood (2025),2025,10,3163,Jared Goff,QB,DET,QB,30.80,AlastairL,30,10
dpol,Borehamwood (2025),2025,10,4035,Alvin Kamara,RB,NO,BN,13.00,AlastairL,29,10
dpol,Borehamwood (2025),2025,10,4046,Patrick Mahomes,QB,KC,BN,0.00,AlastairL,29,10
dpol,Borehamwood (2025),2025,10,5859,A.J. Brown,WR,PHI,WR,2.30,AlastairL,27,10
dpol,Borehamwood (2025),2025,10,5947,Jakobi Meyers,WR,LV,BN,5.60,AlastairL,28,10
dpol,Borehamwood (2025),2025,10,6650,Chase McLaughlin,K,TB,K,5.60,AlastairL,29,10
dpol,Borehamwood (2025),2025,10,6786,CeeDee Lamb,WR,DAL,BN,0.00,AlastairL,26,10
dpol,Borehamwood (2025),2025,10,7049,Jauan Jennings,WR,SF,BN,14.10,AlastairL,27,10
dpol,Borehamwood (2025),2025,10,8138,James Cook,RB,BUF,RB,8.20,AlastairL,25,10
dpol,Borehamwood (2025),2025,10,8228,Jaylen Warren,RB,PIT,FLEX,10.10,AlastairL,26,10
dpol,Borehamwood (2025),2025,10,9221,Jahmyr Gibbs,RB,DET,RB,36.70,AlastairL,23,10
dpol,Borehamwood (2025),2025,10,9488,Jaxon Smith-Njigba,WR,SEA,WR,17.80,AlastairL,23,10
dpol,Borehamwood (2025),2025,10,9754,Quentin Johnston,WR,LAC,WR,6.70,AlastairL,23,10
dpol,Borehamwood (2025),2025,10,TB,Tampa Bay Buccaneers,DEF,TB,DEF,2.00,AlastairL,0,10
saulgoat,Borehamwood (2025),2025,10,11539,Jake Bates,K,DET,K,12.80,drjkay,26,10
saulgoat,Borehamwood (2025),2025,10,11563,Bo Nix,QB,DEN,QB,7.80,drjkay,25,10
saulgoat,Borehamwood (2025),2025,10,11566,Jayden Daniels,QB,WAS,BN,0.00,drjkay,24,10
saulgoat,Borehamwood (2025),2025,10,11584,Bucky Irving,RB,TB,BN,0.00,drjkay,22,10
saulgoat,Borehamwood (2025),2025,10,11589,Trey Benson,RB,ARI,BN,0.00,drjkay,22,10
saulgoat,Borehamwood (2025),2025,10,11632,Malik Nabers,WR,NYG,BN,0.00,drjkay,21,10
saulgoat,Borehamwood (2025),2025,10,12518,Tyler Warren,TE,IND,TE,13.90,drjkay,23,10
saulgoat,Borehamwood (2025),2025,10,12529,TreVeyon Henderson,RB,NE,FLEX,27.50,drjkay,22,10
saulgoat,Borehamwood (2025),2025,10,5045,Courtland Sutton,WR,DEN,BN,3.90,drjkay,29,10
saulgoat,Borehamwood (2025),2025,10,6149,Darius Slayton,WR,NYG,WR,10.90,drjkay,28,10
saulgoat,Borehamwood (2025),2025,10,6801,Tee Higgins,WR,CIN,BN,0.00,drjkay,26,10
saulgoat,Borehamwood (2025),2025,10,7526,Jaylen Waddle,WR,MIA,WR,16.90,drjkay,26,10
saulgoat,Borehamwood (2025),2025,10,7543,Travis Etienne,RB,JAX,RB,14.70,drjkay,26,10
saulgoat,Borehamwood (2025),2025,10,7569,Nico Collins,WR,HOU,WR,19.10,drjkay,26,10
saulgoat,Borehamwood (2025),2025,10,8136,Rachaad White,RB,TB,RB,7.90,drjkay,26,10
saulgoat,Borehamwood (2025),2025,10,8408,Jordan Mason,RB,MIN,BN,3.60,drjkay,26,10
saulgoat,Borehamwood (2025),2025,10,9487,Parker Washington,WR,JAX,BN,16.40,drjkay,23,10
saulgoat,Borehamwood (2025),2025,10,HOU,Houston Texans,DEF,HOU,DEF,14.00,drjkay,0,10
drjkay,Borehamwood (2025),2025,10,11560,Caleb Williams,QB,CHI,QB,27.10,saulgoat,23,10
drjkay,Borehamwood (2025),2025,10,11647,Kimani Vidal,RB,LAC,RB,17.30,saulgoat,23,10
drjkay,Borehamwood (2025),2025,10,12489,RJ Harvey,RB,DEN,BN,2.80,saulgoat,24,10
drjkay,Borehamwood (2025),2025,10,12507,Omarion Hampton,RB,LAC,BN,0.00,saulgoat,22,10
drjkay,Borehamwood (2025),2025,10,12512,Quinshon Judkins,RB,CLE,RB,9.50,saulgoat,21,10
drjkay,Borehamwood (2025),2025,10,12514,Emeka Egbuka,WR,TB,WR,20.50,saulgoat,22,10
drjkay,Borehamwood (2025),2025,10,12526,Tetairoa McMillan,WR,CAR,FLEX,8.50,saulgoat,22,10
drjkay,Borehamwood (2025),2025,10,12533,Jacory Croskey-Merritt,RB,WAS,BN,3.00,saulgoat,24,10
drjkay,Borehamwood (2025),2025,10,1479,Keenan Allen,WR,,BN,2.90,saulgoat,33,10
drjkay,Borehamwood (2025),2025,10,2020,Cairo Santos,K,CHI,K,6.00,saulgoat,33,10
drjkay,Borehamwood (2025),2025,10,3294,Dak Prescott,QB,DAL,BN,0.00,saulgoat,31,10
drjkay,Borehamwood (2025),2025,10,4098,Kareem Hunt,RB,KC,BN,0.00,saulgoat,29,10
drjkay,Borehamwood (2025),2025,10,4217,George Kittle,TE,SF,TE,18.90,saulgoat,31,10
drjkay,Borehamwood (2025),2025,10,6806,J.K. Dobbins,RB,DEN,BN,8.90,saulgoat,26,10
drjkay,Borehamwood (2025),2025,10,6819,Michael Pittman,WR,IND,WR,2.90,saulgoat,27,10
drjkay,Borehamwood (2025),2025,10,8137,George Pickens,WR,DAL,BN,0.00,saulgoat,24,10
drjkay,Borehamwood (2025),2025,10,9493,Puka Nacua,WR,LAR,WR,14.90,saulgoat,24,10
drjkay,Borehamwood (2025),2025,10,SEA,Seattle Seahawks,DEF,SEA,DEF,21.00,saulgoat,0,10
AlastairL,Borehamwood (2025),2025,10,11533,Brandon Aubrey,K,DAL,BN,0.00,dpol,30,10
AlastairL,Borehamwood (2025),2025,10,11564,Drake Maye,QB,NE,QB,22.10,dpol,22,10
AlastairL,Borehamwood (2025),2025,10,11604,Brock Bowers,TE,LV,TE,3.20,dpol,22,10
AlastairL,Borehamwood (2025),2025,10,11638,Ricky Pearsall,WR,SF,BN,0.00,dpol,24,10
AlastairL,Borehamwood (2025),2025,10,11786,Cam Little,K,JAX,K,13.80,dpol,21,10
AlastairL,Borehamwood (2025),2025,10,2449,Stefon Diggs,WR,NE,WR,13.10,dpol,31,10
AlastairL,Borehamwood (2025),2025,10,4034,Christian McCaffrey,RB,SF,RB,13.60,dpol,28,10
AlastairL,Borehamwood (2025),2025,10,5022,Dallas Goedert,TE,PHI,BN,6.30,dpol,30,10
AlastairL,Borehamwood (2025),2025,10,6790,D'Andre Swift,RB,CHI,FLEX,12.30,dpol,26,10
AlastairL,Borehamwood (2025),2025,10,7547,Amon-Ra St. Brown,WR,DET,WR,14.30,dpol,25,10
AlastairL,Borehamwood (2025),2025,10,8148,Jameson Williams,WR,DET,WR,20.90,dpol,24,10
AlastairL,Borehamwood (2025),2025,10,8150,Kyren Williams,RB,LAR,RB,21.40,dpol,24,10
AlastairL,Borehamwood (2025),2025,10,8151,Kenneth Walker,RB,SEA,BN,7.50,dpol,24,10
AlastairL,Borehamwood (2025),2025,10,8154,Brian Robinson,RB,WAS,BN,11.00,dpol,26,10
AlastairL,Borehamwood (2025),2025,10,8676,Rashid Shaheed,WR,NO,BN,2.80,dpol,26,10
AlastairL,Borehamwood (2025),2025,10,DEN,Denver Broncos,DEF,DEN,DEF,14.00,dpol,0,10
AlastairL,Borehamwood (2025),2025,10,GB,Green Bay Packers,DEF,GB,BN,7.00,dpol,0,10
GSac,Borehamwood (2025),2025,10,11571,Isaiah Davis,RB,NYJ,BN,1.60,benjlev,23,10
GSac,Borehamwood (2025),2025,10,11620,Rome Odunze,WR,CHI,WR,17.60,benjlev,22,10
GSac,Borehamwood (2025),2025,10,12527,Ashton Jeanty,RB,LV,RB,13.80,benjlev,21,10
GSac,Borehamwood (2025),2025,10,12530,Travis Hunter,DB,JAX,BN,0.00,benjlev,22,10
GSac,Borehamwood (2025),2025,10,2133,Davante Adams,WR,LAR,WR,16.70,benjlev,32,10
GSac,Borehamwood (2025),2025,10,4037,Chris Godwin,WR,TB,BN,0.00,benjlev,29,10
GSac,Borehamwood (2025),2025,10,5189,Eddy Pineiro,K,,K,1.00,benjlev,29,10
GSac,Borehamwood (2025),2025,10,6813,Jonathan Taylor,RB,IND,RB,48.10,benjlev,26,10
GSac,Borehamwood (2025),2025,10,6904,Jalen Hurts,QB,PHI,QB,14.02,benjlev,26,10
GSac,Borehamwood (2025),2025,10,7002,Juwan Johnson,TE,NO,TE,17.20,benjlev,28,10
GSac,Borehamwood (2025),2025,10,7525,DeVonta Smith,WR,PHI,WR,14.90,benjlev,26,10
GSac,Borehamwood (2025),2025,10,7588,Javonte Williams,RB,DAL,BN,0.00,benjlev,25,10
GSac,Borehamwood (2025),2025,10,8110,Jake Ferguson,TE,DAL,BN,0.00,benjlev,26,10
GSac,Borehamwood (2025),2025,10,8126,Wan'Dale Robinson,WR,NYG,FLEX,9.20,benjlev,24,10
GSac,Borehamwood (2025),2025,10,8134,Khalil Shakir,WR,BUF,BN,9.30,benjlev,25,10
GSac,Borehamwood (2025),2025,10,9508,Tyjae Spears,RB,TEN,BN,0.00,benjlev,23,10
GSac,Borehamwood (2025),2025,10,CLE,Cleveland Browns,DEF,CLE,DEF,5.00,benjlev,0,10
sanfbe,Borehamwood (2025),2025,10,10444,Cedric Tillman,WR,CLE,BN,2.10,joshjr11,25,10
sanfbe,Borehamwood (2025),2025,10,10859,Sam LaPorta,TE,DET,TE,7.80,joshjr11,24,10
sanfbe,Borehamwood (2025),2025,10,11627,Troy Franklin,WR,DEN,WR,12.50,joshjr11,22,10
sanfbe,Borehamwood (2025),2025,10,12493,Oronde Gadsden,TE,LAC,BN,2.80,joshjr11,21,10
sanfbe,Borehamwood (2025),2025,10,12534,Kyle Monangai,RB,CHI,BN,8.80,joshjr11,22,10
sanfbe,Borehamwood (2025),2025,10,1945,Chris Boswell,K,PIT,K,6.90,joshjr11,34,10
sanfbe,Borehamwood (2025),2025,10,4984,Josh Allen,QB,BUF,QB,23.34,joshjr11,29,10
sanfbe,Borehamwood (2025),2025,10,5846,DK Metcalf,WR,PIT,BN,5.00,joshjr11,27,10
sanfbe,Borehamwood (2025),2025,10,5850,Josh Jacobs,RB,GB,RB,17.20,joshjr11,27,10
sanfbe,Borehamwood (2025),2025,10,5872,Deebo Samuel,WR,WAS,BN,10.90,joshjr11,29,10
sanfbe,Borehamwood (2025),2025,10,7021,Rico Dowdle,RB,CAR,FLEX,13.80,joshjr11,26,10
sanfbe,Borehamwood (2025),2025,10,7594,Chuba Hubbard,RB,CAR,BN,2.00,joshjr11,25,10
sanfbe,Borehamwood (2025),2025,10,8146,Garrett Wilson,WR,NYJ,WR,0.00,joshjr11,24,10
sanfbe,Borehamwood (2025),2025,10,9509,Bijan Robinson,RB,ATL,RB,9.80,joshjr11,23,10
sanfbe,Borehamwood (2025),2025,10,9753,Zach Charbonnet,RB,SEA,BN,14.30,joshjr11,24,10
sanfbe,Borehamwood (2025),2025,10,9997,Zay Flowers,WR,BAL,WR,10.10,joshjr11,24,10
sanfbe,Borehamwood (2025),2025,10,DET,Detroit Lions,DEF,DET,DEF,2.00,joshjr11,0,10
joshjr11,Borehamwood (2025),2025,11,10229,Rashee Rice,WR,KC,WR,6.80,dpol,25,11
joshjr11,Borehamwood (2025),2025,11,11631,Brian Thomas,WR,JAX,BN,0.00,dpol,22,11
joshjr11,Borehamwood (2025),2025,11,12474,Woody Marks,RB,HOU,BN,5.60,dpol,24,11
joshjr11,Borehamwood (2025),2025,11,4137,James Conner,RB,ARI,BN,0.00,dpol,30,11
joshjr11,Borehamwood (2025),2025,11,6770,Joe Burrow,QB,CIN,BN,0.00,dpol,28,11
joshjr11,Borehamwood (2025),2025,11,6794,Justin Jefferson,WR,MIN,WR,8.60,dpol,25,11
joshjr11,Borehamwood (2025),2025,11,6797,Justin Herbert,QB,LAC,QB,3.34,dpol,27,11
joshjr11,Borehamwood (2025),2025,11,7564,Ja'Marr Chase,WR,CIN,WR,4.50,dpol,25,11
joshjr11,Borehamwood (2025),2025,11,8112,Drake London,WR,ATL,FLEX,15.40,dpol,23,11
joshjr11,Borehamwood (2025),2025,11,8130,Trey McBride,TE,ARI,TE,22.50,dpol,25,11
joshjr11,Borehamwood (2025),2025,11,8132,Tyler Allgeier,RB,ATL,BN,8.60,dpol,25,11
joshjr11,Borehamwood (2025),2025,11,8142,Alec Pierce,WR,IND,BN,0.00,dpol,25,11
joshjr11,Borehamwood (2025),2025,11,8144,Chris Olave,WR,NO,BN,0.00,dpol,24,11
joshjr11,Borehamwood (2025),2025,11,8259,Cameron Dicker,K,LAC,K,8.70,dpol,25,11
joshjr11,Borehamwood (2025),2025,11,9224,Chase Brown,RB,CIN,RB,15.70,dpol,25,11
joshjr11,Borehamwood (2025),2025,11,9226,De'Von Achane,RB,MIA,RB,19.00,dpol,23,11
joshjr11,Borehamwood (2025),2025,11,9506,Sean Tucker,RB,TB,BN,33.00,dpol,23,11
joshjr11,Borehamwood (2025),2025,11,BAL,Baltimore Ravens,DEF,BAL,DEF,10.00,dpol,0,11
benjlev,Borehamwood (2025),2025,11,11628,Marvin Harrison,WR,ARI,BN,0.00,drjkay,22,11
benjlev,Borehamwood (2025),2025,11,11635,Ladd McConkey,WR,LAC,WR,2.80,drjkay,23,11
benjlev,Borehamwood (2025),2025,11,1466,Travis Kelce,TE,KC,TE,19.60,drjkay,35,11
benjlev,Borehamwood (2025),2025,11,2747,Jason Myers,K,SEA,K,15.70,drjkay,34,11
benjlev,Borehamwood (2025),2025,11,3198,Derrick Henry,RB,BAL,RB,19.20,drjkay,31,11
benjlev,Borehamwood (2025),2025,11,3321,Tyreek Hill,WR,MIA,BN,0.00,drjkay,31,11
benjlev,Borehamwood (2025),2025,11,4199,Aaron Jones,RB,MIN,BN,9.60,drjkay,30,11
benjlev,Borehamwood (2025),2025,11,4454,Kendrick Bourne,WR,NE,BN,0.00,drjkay,29,11
benjlev,Borehamwood (2025),2025,11,4866,Saquon Barkley,RB,PHI,RB,9.50,drjkay,28,11
benjlev,Borehamwood (2025),2025,11,4881,Lamar Jackson,QB,BAL,QB,4.72,drjkay,28,11
benjlev,Borehamwood (2025),2025,11,4892,Baker Mayfield,QB,TB,BN,18.82,drjkay,30,11
benjlev,Borehamwood (2025),2025,11,5012,Mark Andrews,TE,BAL,BN,14.20,drjkay,29,11
benjlev,Borehamwood (2025),2025,11,5892,David Montgomery,RB,DET,FLEX,4.20,drjkay,27,11
benjlev,Borehamwood (2025),2025,11,8121,Romeo Doubs,WR,GB,WR,7.30,drjkay,25,11
benjlev,Borehamwood (2025),2025,11,8155,Breece Hall,RB,NYJ,BN,7.40,drjkay,24,11
benjlev,Borehamwood (2025),2025,11,9756,Jordan Addison,WR,MIN,WR,9.00,drjkay,23,11
benjlev,Borehamwood (2025),2025,11,SF,San Francisco 49ers,DEF,SF,DEF,6.00,drjkay,0,11
dpol,Borehamwood (2025),2025,11,11655,Tyrone Tracy,RB,NYG,BN,15.90,joshjr11,25,11
dpol,Borehamwood (2025),2025,11,12481,Cam Skattebo,RB,NYG,BN,0.00,joshjr11,23,11
dpol,Borehamwood (2025),2025,11,4035,Alvin Kamara,RB,NO,BN,0.00,joshjr11,29,11
dpol,Borehamwood (2025),2025,11,4046,Patrick Mahomes,QB,KC,QB,15.34,joshjr11,29,11
dpol,Borehamwood (2025),2025,11,5859,A.J. Brown,WR,PHI,WR,8.40,joshjr11,27,11
dpol,Borehamwood (2025),2025,11,5947,Jakobi Meyers,WR,LV,BN,8.90,joshjr11,28,11
dpol,Borehamwood (2025),2025,11,6650,Chase McLaughlin,K,TB,K,8.00,joshjr11,29,11
dpol,Borehamwood (2025),2025,11,6786,CeeDee Lamb,WR,DAL,WR,15.10,joshjr11,26,11
dpol,Borehamwood (2025),2025,11,7049,Jauan Jennings,WR,SF,BN,7.40,joshjr11,27,11
dpol,Borehamwood (2025),2025,11,8111,Cade Otton,TE,TB,TE,3.80,joshjr11,26,11
dpol,Borehamwood (2025),2025,11,8138,James Cook,RB,BUF,RB,18.90,joshjr11,25,11
dpol,Borehamwood (2025),2025,11,8228,Jaylen Warren,RB,PIT,FLEX,7.70,joshjr11,26,11
dpol,Borehamwood (2025),2025,11,9221,Jahmyr Gibbs,RB,DET,RB,17.10,joshjr11,23,11
dpol,Borehamwood (2025),2025,11,9488,Jaxon Smith-Njigba,WR,SEA,WR,16.10,joshjr11,23,11
dpol,Borehamwood (2025),2025,11,9754,Quentin Johnston,WR,LAC,BN,0.00,joshjr11,23,11
dpol,Borehamwood (2025),2025,11,NE,New England Patriots,DEF,NE,DEF,6.00,joshjr11,0,11
dpol,Borehamwood (2025),2025,11,TB,Tampa Bay Buccaneers,DEF,TB,BN,2.00,joshjr11,0,11
saulgoat,Borehamwood (2025),2025,11,11539,Jake Bates,K,DET,K,4.40,GSac,26,11
saulgoat,Borehamwood (2025),2025,11,11566,Jayden Daniels,QB,WAS,BN,0.00,GSac,24,11
saulgoat,Borehamwood (2025),2025,11,11584,Bucky Irving,RB,TB,BN,0.00,GSac,22,11
saulgoat,Borehamwood (2025),2025,11,11589,Trey Benson,RB,ARI,BN,0.00,GSac,22,11
saulgoat,Borehamwood (2025),2025,11,11632,Malik Nabers,WR,NYG,BN,0.00,GSac,21,11
saulgoat,Borehamwood (2025),2025,11,12518,Tyler Warren,TE,IND,BN,0.00,GSac,23,11
saulgoat,Borehamwood (2025),2025,11,12529,TreVeyon Henderson,RB,NE,RB,29.80,GSac,22,11
saulgoat,Borehamwood (2025),2025,11,1339,Zach Ertz,TE,WAS,TE,6.20,GSac,34,11
saulgoat,Borehamwood (2025),2025,11,19,Joe Flacco,QB,CLE,QB,11.86,GSac,40,11
saulgoat,Borehamwood (2025),2025,11,5045,Courtland Sutton,WR,DEN,BN,7.90,GSac,29,11
saulgoat,Borehamwood (2025),2025,11,6801,Tee Higgins,WR,CIN,WR,13.80,GSac,26,11
saulgoat,Borehamwood (2025),2025,11,7526,Jaylen Waddle,WR,MIA,WR,6.70,GSac,26,11
saulgoat,Borehamwood (2025),2025,11,7543,Travis Etienne,RB,JAX,RB,19.30,GSac,26,11
saulgoat,Borehamwood (2025),2025,11,7569,Nico Collins,WR,HOU,WR,19.70,GSac,26,11
saulgoat,Borehamwood (2025),2025,11,8136,Rachaad White,RB,TB,FLEX,7.20,GSac,26,11
saulgoat,Borehamwood (2025),2025,11,8408,Jordan Mason,RB,MIN,BN,10.50,GSac,26,11
saulgoat,Borehamwood (2025),2025,11,9487,Parker Washington,WR,JAX,BN,3.00,GSac,23,11
saulgoat,Borehamwood (2025),2025,11,HOU,Houston Texans,DEF,HOU,DEF,10.00,GSac,0,11
drjkay,Borehamwood (2025),2025,11,11560,Caleb Williams,QB,CHI,BN,10.32,benjlev,23,11
drjkay,Borehamwood (2025),2025,11,11647,Kimani Vidal,RB,LAC,BN,2.20,benjlev,23,11
drjkay,Borehamwood (2025),2025,11,12489,RJ Harvey,RB,DEN,FLEX,6.50,benjlev,24,11
drjkay,Borehamwood (2025),2025,11,12507,Omarion Hampton,RB,LAC,BN,0.00,benjlev,22,11
drjkay,Borehamwood (2025),2025,11,12512,Quinshon Judkins,RB,CLE,RB,5.90,benjlev,21,11
drjkay,Borehamwood (2025),2025,11,12514,Emeka Egbuka,WR,TB,WR,6.50,benjlev,22,11
drjkay,Borehamwood (2025),2025,11,12526,Tetairoa McMillan,WR,CAR,BN,29.00,benjlev,22,11
drjkay,Borehamwood (2025),2025,11,12711,Tyler Loop,K,BAL,K,12.40,benjlev,,11
drjkay,Borehamwood (2025),2025,11,3294,Dak Prescott,QB,DAL,QB,32.32,benjlev,31,11
drjkay,Borehamwood (2025),2025,11,3451,Ka'imi Fairbairn,K,HOU,BN,0.00,benjlev,31,11
drjkay,Borehamwood (2025),2025,11,4098,Kareem Hunt,RB,KC,RB,12.70,benjlev,29,11
drjkay,Borehamwood (2025),2025,11,4217,George Kittle,TE,SF,TE,21.70,benjlev,31,11
drjkay,Borehamwood (2025),2025,11,6806,J.K. Dobbins,RB,DEN,BN,0.00,benjlev,26,11
drjkay,Borehamwood (2025),2025,11,6819,Michael Pittman,WR,IND,BN,0.00,benjlev,27,11
drjkay,Borehamwood (2025),2025,11,8137,George Pickens,WR,DAL,WR,24.90,benjlev,24,11
drjkay,Borehamwood (2025),2025,11,9493,Puka Nacua,WR,LAR,WR,10.80,benjlev,24,11
drjkay,Borehamwood (2025),2025,11,LAC,Los Angeles Chargers,DEF,LAC,DEF,-2.00,benjlev,0,11
drjkay,Borehamwood (2025),2025,11,SEA,Seattle Seahawks,DEF,SEA,BN,2.00,benjlev,0,11
AlastairL,Borehamwood (2025),2025,11,11533,Brandon Aubrey,K,DAL,K,9.00,sanfbe,30,11
AlastairL,Borehamwood (2025),2025,11,11564,Drake Maye,QB,NE,QB,17.44,sanfbe,22,11
AlastairL,Borehamwood (2025),2025,11,11604,Brock Bowers,TE,LV,TE,10.70,sanfbe,22,11
AlastairL,Borehamwood (2025),2025,11,11638,Ricky Pearsall,WR,SF,BN,0.50,sanfbe,24,11
AlastairL,Borehamwood (2025),2025,11,12485,Tez Johnson,WR,TB,BN,1.10,sanfbe,23,11
AlastairL,Borehamwood (2025),2025,11,2449,Stefon Diggs,WR,NE,WR,15.00,sanfbe,31,11
AlastairL,Borehamwood (2025),2025,11,4034,Christian McCaffrey,RB,SF,RB,32.60,sanfbe,28,11
AlastairL,Borehamwood (2025),2025,11,421,Matthew Stafford,QB,LAR,BN,17.20,sanfbe,37,11
AlastairL,Borehamwood (2025),2025,11,6790,D'Andre Swift,RB,CHI,RB,9.00,sanfbe,26,11
AlastairL,Borehamwood (2025),2025,11,7547,Amon-Ra St. Brown,WR,DET,WR,5.20,sanfbe,25,11
AlastairL,Borehamwood (2025),2025,11,8134,Khalil Shakir,WR,BUF,BN,0.20,sanfbe,25,11
AlastairL,Borehamwood (2025),2025,11,8148,Jameson Williams,WR,DET,WR,17.70,sanfbe,24,11
AlastairL,Borehamwood (2025),2025,11,8150,Kyren Williams,RB,LAR,FLEX,16.10,sanfbe,24,11
AlastairL,Borehamwood (2025),2025,11,8151,Kenneth Walker,RB,SEA,BN,18.60,sanfbe,24,11
AlastairL,Borehamwood (2025),2025,11,8154,Brian Robinson,RB,WAS,BN,2.40,sanfbe,26,11
AlastairL,Borehamwood (2025),2025,11,GB,Green Bay Packers,DEF,GB,DEF,8.00,sanfbe,0,11
GSac,Borehamwood (2025),2025,11,11620,Rome Odunze,WR,CHI,WR,5.10,saulgoat,22,11
GSac,Borehamwood (2025),2025,11,11786,Cam Little,K,JAX,K,5.00,saulgoat,21,11
GSac,Borehamwood (2025),2025,11,12527,Ashton Jeanty,RB,LV,RB,6.40,saulgoat,21,11
GSac,Borehamwood (2025),2025,11,12530,Travis Hunter,DB,JAX,BN,0.00,saulgoat,22,11
GSac,Borehamwood (2025),2025,11,2133,Davante Adams,WR,LAR,WR,6.60,saulgoat,32,11
GSac,Borehamwood (2025),2025,11,4037,Chris Godwin,WR,TB,BN,0.00,saulgoat,29,11
GSac,Borehamwood (2025),2025,11,6783,Jerry Jeudy,WR,CLE,BN,3.60,saulgoat,26,11
GSac,Borehamwood (2025),2025,11,6813,Jonathan Taylor,RB,IND,BN,0.00,saulgoat,26,11
GSac,Borehamwood (2025),2025,11,6904,Jalen Hurts,QB,PHI,QB,14.50,saulgoat,26,11
GSac,Borehamwood (2025),2025,11,7002,Juwan Johnson,TE,NO,BN,0.00,saulgoat,28,11
GSac,Borehamwood (2025),2025,11,7525,DeVonta Smith,WR,PHI,WR,1.30,saulgoat,26,11
GSac,Borehamwood (2025),2025,11,7588,Javonte Williams,RB,DAL,RB,9.80,saulgoat,25,11
GSac,Borehamwood (2025),2025,11,8110,Jake Ferguson,TE,DAL,TE,9.60,saulgoat,26,11
GSac,Borehamwood (2025),2025,11,8126,Wan'Dale Robinson,WR,NYG,FLEX,5.60,saulgoat,24,11
GSac,Borehamwood (2025),2025,11,8676,Rashid Shaheed,WR,NO,BN,3.90,saulgoat,26,11
GSac,Borehamwood (2025),2025,11,9504,Kayshon Boutte,WR,NE,BN,0.00,saulgoat,23,11
GSac,Borehamwood (2025),2025,11,9508,Tyjae Spears,RB,TEN,BN,5.90,saulgoat,23,11
GSac,Borehamwood (2025),2025,11,ATL,Atlanta Falcons,DEF,ATL,DEF,4.00,saulgoat,0,11
sanfbe,Borehamwood (2025),2025,11,10213,Tre Tucker,WR,LV,WR,12.70,AlastairL,24,11
sanfbe,Borehamwood (2025),2025,11,10859,Sam LaPorta,TE,DET,BN,0.00,AlastairL,24,11
sanfbe,Borehamwood (2025),2025,11,11627,Troy Franklin,WR,DEN,BN,10.40,AlastairL,22,11
sanfbe,Borehamwood (2025),2025,11,12493,Oronde Gadsden,TE,LAC,TE,5.10,AlastairL,21,11
sanfbe,Borehamwood (2025),2025,11,12534,Kyle Monangai,RB,CHI,BN,10.20,AlastairL,22,11
sanfbe,Borehamwood (2025),2025,11,1945,Chris Boswell,K,PIT,K,10.00,AlastairL,34,11
sanfbe,Borehamwood (2025),2025,11,4984,Josh Allen,QB,BUF,QB,48.68,AlastairL,29,11
sanfbe,Borehamwood (2025),2025,11,5022,Dallas Goedert,TE,PHI,BN,3.40,AlastairL,30,11
sanfbe,Borehamwood (2025),2025,11,5846,DK Metcalf,WR,PIT,WR,7.40,AlastairL,27,11
sanfbe,Borehamwood (2025),2025,11,5850,Josh Jacobs,RB,GB,RB,4.00,AlastairL,27,11
sanfbe,Borehamwood (2025),2025,11,5872,Deebo Samuel,WR,WAS,BN,17.20,AlastairL,29,11
sanfbe,Borehamwood (2025),2025,11,7021,Rico Dowdle,RB,CAR,FLEX,12.50,AlastairL,26,11
sanfbe,Borehamwood (2025),2025,11,8146,Garrett Wilson,WR,NYJ,BN,0.00,AlastairL,24,11
sanfbe,Borehamwood (2025),2025,11,8180,Jalen Nailor,WR,MIN,BN,2.10,AlastairL,26,11
sanfbe,Borehamwood (2025),2025,11,9509,Bijan Robinson,RB,ATL,RB,28.30,AlastairL,23,11
sanfbe,Borehamwood (2025),2025,11,9753,Zach Charbonnet,RB,SEA,BN,5.70,AlastairL,24,11
sanfbe,Borehamwood (2025),2025,11,9997,Zay Flowers,WR,BAL,WR,9.80,AlastairL,24,11
sanfbe,Borehamwood (2025),2025,11,PIT,Pittsburgh Steelers,DEF,PIT,DEF,22.00,AlastairL,0,11
joshjr11,Borehamwood (2025),2025,12,10229,Rashee Rice,WR,KC,WR,20.10,drjkay,25,12
joshjr11,Borehamwood (2025),2025,12,11631,Brian Thomas,WR,JAX,BN,0.00,drjkay,22,12
joshjr11,Borehamwood (2025),2025,12,12474,Woody Marks,RB,HOU,RB,7.40,drjkay,24,12
joshjr11,Borehamwood (2025),2025,12,12490,Bhayshul Tuten,RB,JAX,BN,1.70,drjkay,23,12
joshjr11,Borehamwood (2025),2025,12,12495,Ollie Gordon,RB,MIA,BN,0.00,drjkay,21,12
joshjr11,Borehamwood (2025),2025,12,3163,Jared Goff,QB,DET,QB,21.16,drjkay,30,12
joshjr11,Borehamwood (2025),2025,12,4137,James Conner,RB,ARI,BN,0.00,drjkay,30,12
joshjr11,Borehamwood (2025),2025,12,4195,Jake Elliott,K,PHI,K,3.00,drjkay,30,12
joshjr11,Borehamwood (2025),2025,12,6770,Joe Burrow,QB,CIN,BN,0.00,drjkay,28,12
joshjr11,Borehamwood (2025),2025,12,6794,Justin Jefferson,WR,MIN,WR,6.80,drjkay,25,12
joshjr11,Borehamwood (2025),2025,12,7564,Ja'Marr Chase,WR,CIN,BN,0.00,drjkay,25,12
joshjr11,Borehamwood (2025),2025,12,8112,Drake London,WR,ATL,BN,0.00,drjkay,23,12
joshjr11,Borehamwood (2025),2025,12,8130,Trey McBride,TE,ARI,TE,12.40,drjkay,25,12
joshjr11,Borehamwood (2025),2025,12,8142,Alec Pierce,WR,IND,BN,3.10,drjkay,25,12
joshjr11,Borehamwood (2025),2025,12,8144,Chris Olave,WR,NO,WR,11.50,drjkay,24,12
joshjr11,Borehamwood (2025),2025,12,9224,Chase Brown,RB,CIN,RB,14.00,drjkay,25,12
joshjr11,Borehamwood (2025),2025,12,9226,De'Von Achane,RB,MIA,BN,0.00,drjkay,23,12
joshjr11,Borehamwood (2025),2025,12,9506,Sean Tucker,RB,TB,FLEX,5.10,drjkay,23,12
joshjr11,Borehamwood (2025),2025,12,BAL,Baltimore Ravens,DEF,BAL,DEF,12.00,drjkay,0,12
benjlev,Borehamwood (2025),2025,12,11628,Marvin Harrison,WR,ARI,BN,0.00,dpol,22,12
benjlev,Borehamwood (2025),2025,12,11635,Ladd McConkey,WR,LAC,BN,0.00,dpol,23,12
benjlev,Borehamwood (2025),2025,12,12540,Chimere Dike,WR,TEN,WR,18.90,dpol,23,12
benjlev,Borehamwood (2025),2025,12,1466,Travis Kelce,TE,KC,TE,6.40,dpol,35,12
benjlev,Borehamwood (2025),2025,12,2747,Jason Myers,K,SEA,K,14.30,dpol,34,12
benjlev,Borehamwood (2025),2025,12,3198,Derrick Henry,RB,BAL,RB,21.80,dpol,31,12
benjlev,Borehamwood (2025),2025,12,3321,Tyreek Hill,WR,MIA,BN,0.00,dpol,31,12
benjlev,Borehamwood (2025),2025,12,4199,Aaron Jones,RB,MIN,BN,7.20,dpol,30,12
benjlev,Borehamwood (2025),2025,12,4866,Saquon Barkley,RB,PHI,RB,8.90,dpol,28,12
benjlev,Borehamwood (2025),2025,12,4881,Lamar Jackson,QB,BAL,QB,7.22,dpol,28,12
benjlev,Borehamwood (2025),2025,12,4892,Baker Mayfield,QB,TB,BN,5.54,dpol,30,12
benjlev,Borehamwood (2025),2025,12,5012,Mark Andrews,TE,BAL,BN,1.60,dpol,29,12
benjlev,Borehamwood (2025),2025,12,5892,David Montgomery,RB,DET,FLEX,5.20,dpol,27,12
benjlev,Borehamwood (2025),2025,12,8121,Romeo Doubs,WR,GB,WR,3.30,dpol,25,12
benjlev,Borehamwood (2025),2025,12,8155,Breece Hall,RB,NYJ,BN,11.90,dpol,24,12
benjlev,Borehamwood (2025),2025,12,9756,Jordan Addison,WR,MIN,WR,0.00,dpol,23,12
benjlev,Borehamwood (2025),2025,12,SF,San Francisco 49ers,DEF,SF,DEF,10.00,dpol,0,12
dpol,Borehamwood (2025),2025,12,11655,Tyrone Tracy,RB,NYG,BN,14.50,benjlev,25,12
dpol,Borehamwood (2025),2025,12,12481,Cam Skattebo,RB,NYG,BN,0.00,benjlev,23,12
dpol,Borehamwood (2025),2025,12,12507,Omarion Hampton,RB,LAC,BN,0.00,benjlev,22,12
dpol,Borehamwood (2025),2025,12,2505,Darren Waller,TE,,BN,0.00,benjlev,32,12
dpol,Borehamwood (2025),2025,12,4035,Alvin Kamara,RB,NO,FLEX,2.50,benjlev,29,12
dpol,Borehamwood (2025),2025,12,4046,Patrick Mahomes,QB,KC,QB,17.08,benjlev,29,12
dpol,Borehamwood (2025),2025,12,5859,A.J. Brown,WR,PHI,WR,21.00,benjlev,27,12
dpol,Borehamwood (2025),2025,12,5947,Jakobi Meyers,WR,LV,BN,13.00,benjlev,28,12
dpol,Borehamwood (2025),2025,12,6650,Chase McLaughlin,K,TB,K,1.00,benjlev,29,12
dpol,Borehamwood (2025),2025,12,6786,CeeDee Lamb,WR,DAL,WR,9.50,benjlev,26,12
dpol,Borehamwood (2025),2025,12,6813,Jonathan Taylor,RB,IND,RB,7.60,benjlev,26,12
dpol,Borehamwood (2025),2025,12,7002,Juwan Johnson,TE,NO,TE,7.60,benjlev,28,12
dpol,Borehamwood (2025),2025,12,7588,Javonte Williams,RB,DAL,RB,11.10,benjlev,25,12
dpol,Borehamwood (2025),2025,12,8167,Christian Watson,WR,GB,BN,7.40,benjlev,26,12
dpol,Borehamwood (2025),2025,12,9488,Jaxon Smith-Njigba,WR,SEA,WR,33.10,benjlev,23,12
dpol,Borehamwood (2025),2025,12,9754,Quentin Johnston,WR,LAC,BN,0.00,benjlev,23,12
dpol,Borehamwood (2025),2025,12,NE,New England Patriots,DEF,NE,DEF,11.00,benjlev,0,12
dpol,Borehamwood (2025),2025,12,TB,Tampa Bay Buccaneers,DEF,TB,BN,0.00,benjlev,0,12
saulgoat,Borehamwood (2025),2025,12,11539,Jake Bates,K,DET,K,13.60,sanfbe,26,12
saulgoat,Borehamwood (2025),2025,12,11566,Jayden Daniels,QB,WAS,BN,0.00,sanfbe,24,12
saulgoat,Borehamwood (2025),2025,12,11584,Bucky Irving,RB,TB,BN,0.00,sanfbe,22,12
saulgoat,Borehamwood (2025),2025,12,11589,Trey Benson,RB,ARI,BN,0.00,sanfbe,22,12
saulgoat,Borehamwood (2025),2025,12,11624,Xavier Worthy,WR,KC,WR,7.90,sanfbe,22,12
saulgoat,Borehamwood (2025),2025,12,11632,Malik Nabers,WR,NYG,BN,0.00,sanfbe,21,12
saulgoat,Borehamwood (2025),2025,12,12518,Tyler Warren,TE,IND,TE,7.00,sanfbe,23,12
saulgoat,Borehamwood (2025),2025,12,12529,TreVeyon Henderson,RB,NE,RB,9.60,sanfbe,22,12
saulgoat,Borehamwood (2025),2025,12,3214,Hunter Henry,TE,NE,FLEX,21.00,sanfbe,30,12
saulgoat,Borehamwood (2025),2025,12,5045,Courtland Sutton,WR,DEN,BN,0.00,sanfbe,29,12
saulgoat,Borehamwood (2025),2025,12,6130,Devin Singletary,RB,NYG,BN,4.70,sanfbe,27,12
saulgoat,Borehamwood (2025),2025,12,6801,Tee Higgins,WR,CIN,WR,5.60,sanfbe,26,12
saulgoat,Borehamwood (2025),2025,12,7526,Jaylen Waddle,WR,MIA,BN,0.00,sanfbe,26,12
saulgoat,Borehamwood (2025),2025,12,7543,Travis Etienne,RB,JAX,RB,19.10,sanfbe,26,12
saulgoat,Borehamwood (2025),2025,12,7569,Nico Collins,WR,HOU,WR,7.00,sanfbe,26,12
saulgoat,Borehamwood (2025),2025,12,8183,Brock Purdy,QB,SF,QB,9.32,sanfbe,25,12
saulgoat,Borehamwood (2025),2025,12,8408,Jordan Mason,RB,MIN,BN,4.20,sanfbe,26,12
saulgoat,Borehamwood (2025),2025,12,LV,Las Vegas Raiders,DEF,LV,DEF,5.00,sanfbe,0,12
drjkay,Borehamwood (2025),2025,12,11647,Kimani Vidal,RB,LAC,BN,0.00,joshjr11,23,12
drjkay,Borehamwood (2025),2025,12,12489,RJ Harvey,RB,DEN,BN,0.00,joshjr11,24,12
drjkay,Borehamwood (2025),2025,12,12512,Quinshon Judkins,RB,CLE,RB,16.70,joshjr11,21,12
drjkay,Borehamwood (2025),2025,12,12514,Emeka Egbuka,WR,TB,WR,4.70,joshjr11,22,12
drjkay,Borehamwood (2025),2025,12,12526,Tetairoa McMillan,WR,CAR,FLEX,10.50,joshjr11,22,12
drjkay,Borehamwood (2025),2025,12,12711,Tyler Loop,K,BAL,K,11.60,joshjr11,,12
drjkay,Borehamwood (2025),2025,12,3257,Jacoby Brissett,QB,ARI,QB,20.68,joshjr11,32,12
drjkay,Borehamwood (2025),2025,12,3294,Dak Prescott,QB,DAL,BN,31.06,joshjr11,31,12
drjkay,Borehamwood (2025),2025,12,4098,Kareem Hunt,RB,KC,BN,18.50,joshjr11,29,12
drjkay,Borehamwood (2025),2025,12,4217,George Kittle,TE,SF,TE,10.80,joshjr11,31,12
drjkay,Borehamwood (2025),2025,12,6806,J.K. Dobbins,RB,DEN,BN,0.00,joshjr11,26,12
drjkay,Borehamwood (2025),2025,12,6819,Michael Pittman,WR,IND,BN,11.20,joshjr11,27,12
drjkay,Borehamwood (2025),2025,12,7567,Kenneth Gainwell,RB,PIT,BN,15.20,joshjr11,26,12
drjkay,Borehamwood (2025),2025,12,8137,George Pickens,WR,DAL,WR,25.10,joshjr11,24,12
drjkay,Borehamwood (2025),2025,12,8228,Jaylen Warren,RB,PIT,RB,12.80,joshjr11,26,12
drjkay,Borehamwood (2025),2025,12,9493,Puka Nacua,WR,LAR,WR,13.20,joshjr11,24,12
drjkay,Borehamwood (2025),2025,12,SEA,Seattle Seahawks,DEF,SEA,DEF,4.00,joshjr11,0,12
AlastairL,Borehamwood (2025),2025,12,11435,Emanuel Wilson,RB,GB,RB,25.50,GSac,26,12
AlastairL,Borehamwood (2025),2025,12,11533,Brandon Aubrey,K,DAL,K,7.20,GSac,30,12
AlastairL,Borehamwood (2025),2025,12,11564,Drake Maye,QB,NE,QB,17.96,GSac,22,12
AlastairL,Borehamwood (2025),2025,12,11604,Brock Bowers,TE,LV,TE,8.50,GSac,22,12
AlastairL,Borehamwood (2025),2025,12,11638,Ricky Pearsall,WR,SF,BN,1.80,GSac,24,12
AlastairL,Borehamwood (2025),2025,12,2449,Stefon Diggs,WR,NE,WR,3.00,GSac,31,12
AlastairL,Borehamwood (2025),2025,12,4034,Christian McCaffrey,RB,SF,FLEX,23.70,GSac,28,12
AlastairL,Borehamwood (2025),2025,12,421,Matthew Stafford,QB,LAR,BN,28.92,GSac,37,12
AlastairL,Borehamwood (2025),2025,12,6790,D'Andre Swift,RB,CHI,BN,1.40,GSac,26,12
AlastairL,Borehamwood (2025),2025,12,7547,Amon-Ra St. Brown,WR,DET,WR,25.40,GSac,25,12
AlastairL,Borehamwood (2025),2025,12,8134,Khalil Shakir,WR,BUF,BN,13.00,GSac,25,12
AlastairL,Borehamwood (2025),2025,12,8148,Jameson Williams,WR,DET,WR,0.00,GSac,24,12
AlastairL,Borehamwood (2025),2025,12,8150,Kyren Williams,RB,LAR,RB,5.30,GSac,24,12
AlastairL,Borehamwood (2025),2025,12,8151,Kenneth Walker,RB,SEA,BN,11.60,GSac,24,12
AlastairL,Borehamwood (2025),2025,12,8154,Brian Robinson,RB,WAS,BN,4.90,GSac,26,12
AlastairL,Borehamwood (2025),2025,12,CLE,Cleveland Browns,DEF,CLE,DEF,17.00,GSac,0,12
GSac,Borehamwood (2025),2025,12,11620,Rome Odunze,WR,CHI,WR,6.80,AlastairL,22,12
GSac,Borehamwood (2025),2025,12,11786,Cam Little,K,JAX,K,13.40,AlastairL,21,12
GSac,Borehamwood (2025),2025,12,12527,Ashton Jeanty,RB,LV,FLEX,20.80,AlastairL,21,12
GSac,Borehamwood (2025),2025,12,12530,Travis Hunter,DB,JAX,BN,0.00,AlastairL,22,12
GSac,Borehamwood (2025),2025,12,2133,Davante Adams,WR,LAR,WR,20.70,AlastairL,32,12
GSac,Borehamwood (2025),2025,12,4037,Chris Godwin,WR,TB,BN,1.90,AlastairL,29,12
GSac,Borehamwood (2025),2025,12,6783,Jerry Jeudy,WR,CLE,BN,2.40,AlastairL,26,12
GSac,Borehamwood (2025),2025,12,6904,Jalen Hurts,QB,PHI,QB,32.86,AlastairL,26,12
GSac,Borehamwood (2025),2025,12,7049,Jauan Jennings,WR,SF,BN,12.60,AlastairL,27,12
GSac,Borehamwood (2025),2025,12,7525,DeVonta Smith,WR,PHI,WR,11.90,AlastairL,26,12
GSac,Borehamwood (2025),2025,12,8110,Jake Ferguson,TE,DAL,TE,8.60,AlastairL,26,12
GSac,Borehamwood (2025),2025,12,8126,Wan'Dale Robinson,WR,NYG,BN,26.10,AlastairL,24,12
GSac,Borehamwood (2025),2025,12,8138,James Cook,RB,BUF,RB,20.40,AlastairL,25,12
GSac,Borehamwood (2025),2025,12,8676,Rashid Shaheed,WR,NO,BN,0.50,AlastairL,26,12
GSac,Borehamwood (2025),2025,12,9221,Jahmyr Gibbs,RB,DET,RB,49.90,AlastairL,23,12
GSac,Borehamwood (2025),2025,12,9508,Tyjae Spears,RB,TEN,BN,4.50,AlastairL,23,12
GSac,Borehamwood (2025),2025,12,ATL,Atlanta Falcons,DEF,ATL,DEF,17.00,AlastairL,0,12
sanfbe,Borehamwood (2025),2025,12,10213,Tre Tucker,WR,LV,BN,4.30,saulgoat,24,12
sanfbe,Borehamwood (2025),2025,12,10232,Michael Wilson,WR,ARI,WR,16.80,saulgoat,25,12
sanfbe,Borehamwood (2025),2025,12,10859,Sam LaPorta,TE,DET,BN,0.00,saulgoat,24,12
sanfbe,Borehamwood (2025),2025,12,11627,Troy Franklin,WR,DEN,BN,0.00,saulgoat,22,12
sanfbe,Borehamwood (2025),2025,12,12493,Oronde Gadsden,TE,LAC,BN,0.00,saulgoat,21,12
sanfbe,Borehamwood (2025),2025,12,12534,Kyle Monangai,RB,CHI,BN,10.80,saulgoat,22,12
sanfbe,Borehamwood (2025),2025,12,1945,Chris Boswell,K,PIT,K,4.00,saulgoat,34,12
sanfbe,Borehamwood (2025),2025,12,4984,Josh Allen,QB,BUF,QB,8.12,saulgoat,29,12
sanfbe,Borehamwood (2025),2025,12,5022,Dallas Goedert,TE,PHI,TE,3.00,saulgoat,30,12
sanfbe,Borehamwood (2025),2025,12,5846,DK Metcalf,WR,PIT,WR,11.90,saulgoat,27,12
sanfbe,Borehamwood (2025),2025,12,5850,Josh Jacobs,RB,GB,BN,0.00,saulgoat,27,12
sanfbe,Borehamwood (2025),2025,12,5872,Deebo Samuel,WR,WAS,BN,0.00,saulgoat,29,12
sanfbe,Borehamwood (2025),2025,12,7021,Rico Dowdle,RB,CAR,FLEX,9.40,saulgoat,26,12
sanfbe,Borehamwood (2025),2025,12,8146,Garrett Wilson,WR,NYJ,BN,0.00,saulgoat,24,12
sanfbe,Borehamwood (2025),2025,12,9509,Bijan Robinson,RB,ATL,RB,13.70,saulgoat,23,12
sanfbe,Borehamwood (2025),2025,12,9753,Zach Charbonnet,RB,SEA,RB,9.50,saulgoat,24,12
sanfbe,Borehamwood (2025),2025,12,9997,Zay Flowers,WR,BAL,WR,9.40,saulgoat,24,12
sanfbe,Borehamwood (2025),2025,12,PIT,Pittsburgh Steelers,DEF,PIT,DEF,10.00,saulgoat,0,12
joshjr11,Borehamwood (2025),2025,13,10229,Rashee Rice,WR,KC,WR,25.40,saulgoat,25,13
joshjr11,Borehamwood (2025),2025,13,11631,Brian Thomas,WR,JAX,BN,3.80,saulgoat,22,13
joshjr11,Borehamwood (2025),2025,13,12474,Woody Marks,RB,HOU,BN,7.20,saulgoat,24,13
joshjr11,Borehamwood (2025),2025,13,12495,Ollie Gordon,RB,MIA,BN,1.00,saulgoat,21,13
joshjr11,Borehamwood (2025),2025,13,12713,Andy Borregales,K,NE,K,15.00,saulgoat,23,13
joshjr11,Borehamwood (2025),2025,13,4137,James Conner,RB,ARI,BN,0.00,saulgoat,30,13
joshjr11,Borehamwood (2025),2025,13,6770,Joe Burrow,QB,CIN,QB,23.24,saulgoat,28,13
joshjr11,Borehamwood (2025),2025,13,6794,Justin Jefferson,WR,MIN,FLEX,1.40,saulgoat,25,13
joshjr11,Borehamwood (2025),2025,13,7564,Ja'Marr Chase,WR,CIN,WR,14.50,saulgoat,25,13
joshjr11,Borehamwood (2025),2025,13,8112,Drake London,WR,ATL,BN,0.00,saulgoat,23,13
joshjr11,Borehamwood (2025),2025,13,8130,Trey McBride,TE,ARI,TE,18.20,saulgoat,25,13
joshjr11,Borehamwood (2025),2025,13,8144,Chris Olave,WR,NO,WR,12.70,saulgoat,24,13
joshjr11,Borehamwood (2025),2025,13,9224,Chase Brown,RB,CIN,RB,14.80,saulgoat,25,13
joshjr11,Borehamwood (2025),2025,13,9226,De'Von Achane,RB,MIA,RB,19.40,saulgoat,23,13
joshjr11,Borehamwood (2025),2025,13,9506,Sean Tucker,RB,TB,BN,0.00,saulgoat,23,13
joshjr11,Borehamwood (2025),2025,13,BAL,Baltimore Ravens,DEF,BAL,BN,2.00,saulgoat,0,13
joshjr11,Borehamwood (2025),2025,13,DEN,Denver Broncos,DEF,DEN,DEF,4.00,saulgoat,0,13
joshjr11,Borehamwood (2025),2025,13,NO,New Orleans Saints,DEF,NO,BN,6.00,saulgoat,0,13
benjlev,Borehamwood (2025),2025,13,11628,Marvin Harrison,WR,ARI,WR,9.90,AlastairL,22,13
benjlev,Borehamwood (2025),2025,13,11635,Ladd McConkey,WR,LAC,WR,11.90,AlastairL,23,13
benjlev,Borehamwood (2025),2025,13,12540,Chimere Dike,WR,TEN,WR,-0.60,AlastairL,23,13
benjlev,Borehamwood (2025),2025,13,1466,Travis Kelce,TE,KC,TE,13.00,AlastairL,35,13
benjlev,Borehamwood (2025),2025,13,2747,Jason Myers,K,SEA,K,20.30,AlastairL,34,13
benjlev,Borehamwood (2025),2025,13,3198,Derrick Henry,RB,BAL,RB,16.90,AlastairL,31,13
benjlev,Borehamwood (2025),2025,13,3321,Tyreek Hill,WR,MIA,BN,0.00,AlastairL,31,13
benjlev,Borehamwood (2025),2025,13,4199,Aaron Jones,RB,MIN,BN,2.50,AlastairL,30,13
benjlev,Borehamwood (2025),2025,13,4866,Saquon Barkley,RB,PHI,RB,5.60,AlastairL,28,13
benjlev,Borehamwood (2025),2025,13,4881,Lamar Jackson,QB,BAL,QB,6.54,AlastairL,28,13
benjlev,Borehamwood (2025),2025,13,4892,Baker Mayfield,QB,TB,BN,16.46,AlastairL,30,13
benjlev,Borehamwood (2025),2025,13,5012,Mark Andrews,TE,BAL,BN,6.70,AlastairL,29,13
benjlev,Borehamwood (2025),2025,13,5892,David Montgomery,RB,DET,BN,11.80,AlastairL,27,13
benjlev,Borehamwood (2025),2025,13,8121,Romeo Doubs,WR,GB,BN,10.00,AlastairL,25,13
benjlev,Borehamwood (2025),2025,13,8155,Breece Hall,RB,NYJ,FLEX,14.60,AlastairL,24,13
benjlev,Borehamwood (2025),2025,13,9756,Jordan Addison,WR,MIN,BN,6.10,AlastairL,23,13
benjlev,Borehamwood (2025),2025,13,SF,San Francisco 49ers,DEF,SF,DEF,12.00,AlastairL,0,13
dpol,Borehamwood (2025),2025,13,10219,Chris Rodriguez,RB,WAS,BN,10.10,GSac,25,13
dpol,Borehamwood (2025),2025,13,11584,Bucky Irving,RB,TB,RB,15.10,GSac,22,13
dpol,Borehamwood (2025),2025,13,11655,Tyrone Tracy,RB,NYG,BN,3.80,GSac,25,13
dpol,Borehamwood (2025),2025,13,12481,Cam Skattebo,RB,NYG,BN,0.00,GSac,23,13
dpol,Borehamwood (2025),2025,13,12493,Oronde Gadsden,TE,LAC,TE,3.20,GSac,21,13
dpol,Borehamwood (2025),2025,13,12507,Omarion Hampton,RB,LAC,BN,0.00,GSac,22,13
dpol,Borehamwood (2025),2025,13,4046,Patrick Mahomes,QB,KC,QB,37.44,GSac,29,13
dpol,Borehamwood (2025),2025,13,5859,A.J. Brown,WR,PHI,FLEX,30.20,GSac,27,13
dpol,Borehamwood (2025),2025,13,5947,Jakobi Meyers,WR,LV,BN,18.30,GSac,28,13
dpol,Borehamwood (2025),2025,13,6786,CeeDee Lamb,WR,DAL,WR,20.70,GSac,26,13
dpol,Borehamwood (2025),2025,13,6813,Jonathan Taylor,RB,IND,RB,13.60,GSac,26,13
dpol,Borehamwood (2025),2025,13,8167,Christian Watson,WR,GB,WR,16.30,GSac,26,13
dpol,Borehamwood (2025),2025,13,8259,Cameron Dicker,K,LAC,K,9.60,GSac,25,13
dpol,Borehamwood (2025),2025,13,9488,Jaxon Smith-Njigba,WR,SEA,WR,3.30,GSac,23,13
dpol,Borehamwood (2025),2025,13,9754,Quentin Johnston,WR,LAC,BN,9.80,GSac,23,13
dpol,Borehamwood (2025),2025,13,NE,New England Patriots,DEF,NE,BN,12.00,GSac,0,13
dpol,Borehamwood (2025),2025,13,TB,Tampa Bay Buccaneers,DEF,TB,DEF,8.00,GSac,0,13
saulgoat,Borehamwood (2025),2025,13,10226,Andrei Iosivas,WR,CIN,BN,9.40,joshjr11,25,13
saulgoat,Borehamwood (2025),2025,13,11539,Jake Bates,K,DET,K,6.10,joshjr11,26,13
saulgoat,Borehamwood (2025),2025,13,11566,Jayden Daniels,QB,WAS,BN,0.00,joshjr11,24,13
saulgoat,Borehamwood (2025),2025,13,11589,Trey Benson,RB,ARI,BN,0.00,joshjr11,22,13
saulgoat,Borehamwood (2025),2025,13,11624,Xavier Worthy,WR,KC,WR,9.40,joshjr11,22,13
saulgoat,Borehamwood (2025),2025,13,11632,Malik Nabers,WR,NYG,BN,0.00,joshjr11,21,13
saulgoat,Borehamwood (2025),2025,13,12518,Tyler Warren,TE,IND,BN,9.70,joshjr11,23,13
saulgoat,Borehamwood (2025),2025,13,12529,TreVeyon Henderson,RB,NE,RB,10.10,joshjr11,22,13
saulgoat,Borehamwood (2025),2025,13,4381,Taysom Hill,TE,NO,TE,1.20,joshjr11,34,13
saulgoat,Borehamwood (2025),2025,13,5045,Courtland Sutton,WR,DEN,BN,14.70,joshjr11,29,13
saulgoat,Borehamwood (2025),2025,13,6801,Tee Higgins,WR,CIN,BN,0.00,joshjr11,26,13
saulgoat,Borehamwood (2025),2025,13,6804,Jordan Love,QB,GB,QB,33.76,joshjr11,26,13
saulgoat,Borehamwood (2025),2025,13,7526,Jaylen Waddle,WR,MIA,WR,5.50,joshjr11,26,13
saulgoat,Borehamwood (2025),2025,13,7543,Travis Etienne,RB,JAX,RB,4.60,joshjr11,26,13
saulgoat,Borehamwood (2025),2025,13,7569,Nico Collins,WR,HOU,WR,19.00,joshjr11,26,13
saulgoat,Borehamwood (2025),2025,13,7588,Javonte Williams,RB,DAL,FLEX,15.50,joshjr11,25,13
saulgoat,Borehamwood (2025),2025,13,8408,Jordan Mason,RB,MIN,BN,5.30,joshjr11,26,13
saulgoat,Borehamwood (2025),2025,13,LAC,Los Angeles Chargers,DEF,LAC,DEF,9.00,joshjr11,0,13
drjkay,Borehamwood (2025),2025,13,10236,Dalton Kincaid,TE,BUF,BN,0.00,sanfbe,25,13
drjkay,Borehamwood (2025),2025,13,11647,Kimani Vidal,RB,LAC,BN,20.20,sanfbe,23,13
drjkay,Borehamwood (2025),2025,13,12489,RJ Harvey,RB,DEN,FLEX,19.70,sanfbe,24,13
drjkay,Borehamwood (2025),2025,13,12512,Quinshon Judkins,RB,CLE,RB,14.40,sanfbe,21,13
drjkay,Borehamwood (2025),2025,13,12514,Emeka Egbuka,WR,TB,WR,6.20,sanfbe,22,13
drjkay,Borehamwood (2025),2025,13,12526,Tetairoa McMillan,WR,CAR,BN,10.80,sanfbe,22,13
drjkay,Borehamwood (2025),2025,13,12711,Tyler Loop,K,BAL,K,2.00,sanfbe,,13
drjkay,Borehamwood (2025),2025,13,3294,Dak Prescott,QB,DAL,QB,24.60,sanfbe,31,13
drjkay,Borehamwood (2025),2025,13,4098,Kareem Hunt,RB,KC,BN,8.50,sanfbe,29,13
drjkay,Borehamwood (2025),2025,13,4217,George Kittle,TE,SF,TE,8.70,sanfbe,31,13
drjkay,Borehamwood (2025),2025,13,6806,J.K. Dobbins,RB,DEN,BN,0.00,sanfbe,26,13
drjkay,Borehamwood (2025),2025,13,6819,Michael Pittman,WR,IND,BN,1.80,sanfbe,27,13
drjkay,Borehamwood (2025),2025,13,7567,Kenneth Gainwell,RB,PIT,BN,5.50,sanfbe,26,13
drjkay,Borehamwood (2025),2025,13,8137,George Pickens,WR,DAL,WR,13.80,sanfbe,24,13
drjkay,Borehamwood (2025),2025,13,8228,Jaylen Warren,RB,PIT,RB,11.40,sanfbe,26,13
drjkay,Borehamwood (2025),2025,13,9493,Puka Nacua,WR,LAR,WR,10.20,sanfbe,24,13
drjkay,Borehamwood (2025),2025,13,SEA,Seattle Seahawks,DEF,SEA,DEF,30.00,sanfbe,0,13
AlastairL,Borehamwood (2025),2025,13,11533,Brandon Aubrey,K,DAL,K,13.50,benjlev,30,13
AlastairL,Borehamwood (2025),2025,13,11564,Drake Maye,QB,NE,BN,24.48,benjlev,22,13
AlastairL,Borehamwood (2025),2025,13,11604,Brock Bowers,TE,LV,TE,20.30,benjlev,22,13
AlastairL,Borehamwood (2025),2025,13,2449,Stefon Diggs,WR,NE,WR,4.10,benjlev,31,13
AlastairL,Borehamwood (2025),2025,13,4034,Christian McCaffrey,RB,SF,RB,15.40,benjlev,28,13
AlastairL,Borehamwood (2025),2025,13,421,Matthew Stafford,QB,LAR,QB,15.62,benjlev,37,13
AlastairL,Borehamwood (2025),2025,13,5927,Terry McLaurin,WR,WAS,BN,19.10,benjlev,29,13
AlastairL,Borehamwood (2025),2025,13,6790,D'Andre Swift,RB,CHI,BN,20.30,benjlev,26,13
AlastairL,Borehamwood (2025),2025,13,7547,Amon-Ra St. Brown,WR,DET,WR,0.00,benjlev,25,13
AlastairL,Borehamwood (2025),2025,13,8134,Khalil Shakir,WR,BUF,WR,1.00,benjlev,25,13
AlastairL,Borehamwood (2025),2025,13,8148,Jameson Williams,WR,DET,BN,23.40,benjlev,24,13
AlastairL,Borehamwood (2025),2025,13,8150,Kyren Williams,RB,LAR,RB,13.20,benjlev,24,13
AlastairL,Borehamwood (2025),2025,13,8151,Kenneth Walker,RB,SEA,FLEX,8.90,benjlev,24,13
AlastairL,Borehamwood (2025),2025,13,8154,Brian Robinson,RB,WAS,BN,2.60,benjlev,26,13
AlastairL,Borehamwood (2025),2025,13,CLE,Cleveland Browns,DEF,CLE,BN,1.00,benjlev,0,13
AlastairL,Borehamwood (2025),2025,13,HOU,Houston Texans,DEF,HOU,DEF,3.00,benjlev,0,13
GSac,Borehamwood (2025),2025,13,11620,Rome Odunze,WR,CHI,WR,1.80,dpol,22,13
GSac,Borehamwood (2025),2025,13,11786,Cam Little,K,JAX,K,6.50,dpol,21,13
GSac,Borehamwood (2025),2025,13,12476,Devin Neal,RB,NO,BN,8.40,dpol,21,13
GSac,Borehamwood (2025),2025,13,12527,Ashton Jeanty,RB,LV,FLEX,9.10,dpol,21,13
GSac,Borehamwood (2025),2025,13,12530,Travis Hunter,DB,JAX,BN,0.00,dpol,22,13
GSac,Borehamwood (2025),2025,13,2133,Davante Adams,WR,LAR,WR,19.80,dpol,32,13
GSac,Borehamwood (2025),2025,13,2216,Mike Evans,WR,TB,BN,0.00,dpol,31,13
GSac,Borehamwood (2025),2025,13,6904,Jalen Hurts,QB,PHI,QB,20.30,dpol,26,13
GSac,Borehamwood (2025),2025,13,7049,Jauan Jennings,WR,SF,BN,11.90,dpol,27,13
GSac,Borehamwood (2025),2025,13,7525,DeVonta Smith,WR,PHI,WR,7.30,dpol,26,13
GSac,Borehamwood (2025),2025,13,8110,Jake Ferguson,TE,DAL,TE,6.10,dpol,26,13
GSac,Borehamwood (2025),2025,13,8126,Wan'Dale Robinson,WR,NYG,BN,6.90,dpol,24,13
GSac,Borehamwood (2025),2025,13,8138,James Cook,RB,BUF,RB,17.20,dpol,25,13
GSac,Borehamwood (2025),2025,13,9221,Jahmyr Gibbs,RB,DET,RB,10.10,dpol,23,13
GSac,Borehamwood (2025),2025,13,9504,Kayshon Boutte,WR,NE,BN,11.50,dpol,23,13
GSac,Borehamwood (2025),2025,13,9508,Tyjae Spears,RB,TEN,BN,5.40,dpol,23,13
GSac,Borehamwood (2025),2025,13,ATL,Atlanta Falcons,DEF,ATL,DEF,2.00,dpol,0,13
sanfbe,Borehamwood (2025),2025,13,10213,Tre Tucker,WR,LV,BN,3.50,drjkay,24,13
sanfbe,Borehamwood (2025),2025,13,10232,Michael Wilson,WR,ARI,WR,5.10,drjkay,25,13
sanfbe,Borehamwood (2025),2025,13,10859,Sam LaPorta,TE,DET,BN,0.00,drjkay,24,13
sanfbe,Borehamwood (2025),2025,13,11627,Troy Franklin,WR,DEN,WR,3.10,drjkay,22,13
sanfbe,Borehamwood (2025),2025,13,12534,Kyle Monangai,RB,CHI,BN,19.00,drjkay,22,13
sanfbe,Borehamwood (2025),2025,13,1945,Chris Boswell,K,PIT,K,1.00,drjkay,34,13
sanfbe,Borehamwood (2025),2025,13,4984,Josh Allen,QB,BUF,QB,18.72,drjkay,29,13
sanfbe,Borehamwood (2025),2025,13,5022,Dallas Goedert,TE,PHI,TE,3.70,drjkay,30,13
sanfbe,Borehamwood (2025),2025,13,5846,DK Metcalf,WR,PIT,BN,4.70,drjkay,27,13
sanfbe,Borehamwood (2025),2025,13,5850,Josh Jacobs,RB,GB,RB,9.60,drjkay,27,13
sanfbe,Borehamwood (2025),2025,13,5872,Deebo Samuel,WR,WAS,WR,8.60,drjkay,29,13
sanfbe,Borehamwood (2025),2025,13,6865,Colby Parkinson,TE,LAR,BN,4.70,drjkay,26,13
sanfbe,Borehamwood (2025),2025,13,7021,Rico Dowdle,RB,CAR,FLEX,8.90,drjkay,26,13
sanfbe,Borehamwood (2025),2025,13,8146,Garrett Wilson,WR,NYJ,BN,0.00,drjkay,24,13
sanfbe,Borehamwood (2025),2025,13,9509,Bijan Robinson,RB,ATL,RB,27.80,drjkay,23,13
sanfbe,Borehamwood (2025),2025,13,9753,Zach Charbonnet,RB,SEA,BN,11.20,drjkay,24,13
sanfbe,Borehamwood (2025),2025,13,9997,Zay Flowers,WR,BAL,BN,-0.40,drjkay,24,13
sanfbe,Borehamwood (2025),2025,13,LAR,Los Angeles Rams,DEF,LAR,DEF,2.00,drjkay,0,13
joshjr11,Borehamwood (2025),2025,14,10229,Rashee Rice,WR,KC,WR,5.40,AlastairL,25,14
joshjr11,Borehamwood (2025),2025,14,11631,Brian Thomas,WR,JAX,BN,10.20,AlastairL,22,14
joshjr11,Borehamwood (2025),2025,14,12474,Woody Marks,RB,HOU,BN,14.60,AlastairL,24,14
joshjr11,Borehamwood (2025),2025,14,12495,Ollie Gordon,RB,MIA,BN,7.70,AlastairL,21,14
joshjr11,Borehamwood (2025),2025,14,3451,Ka'imi Fairbairn,K,HOU,K,8.50,AlastairL,31,14
joshjr11,Borehamwood (2025),2025,14,4137,James Conner,RB,ARI,BN,0.00,AlastairL,30,14
joshjr11,Borehamwood (2025),2025,14,6130,Devin Singletary,RB,NYG,BN,0.00,AlastairL,27,14
joshjr11,Borehamwood (2025),2025,14,6770,Joe Burrow,QB,CIN,QB,31.36,AlastairL,28,14
joshjr11,Borehamwood (2025),2025,14,6794,Justin Jefferson,WR,MIN,FLEX,2.10,AlastairL,25,14
joshjr11,Borehamwood (2025),2025,14,7564,Ja'Marr Chase,WR,CIN,WR,7.70,AlastairL,25,14
joshjr11,Borehamwood (2025),2025,14,8112,Drake London,WR,ATL,BN,0.00,AlastairL,23,14
joshjr11,Borehamwood (2025),2025,14,8122,Zonovan Knight,RB,NYJ,BN,4.90,AlastairL,24,14
joshjr11,Borehamwood (2025),2025,14,8130,Trey McBride,TE,ARI,TE,8.30,AlastairL,25,14
joshjr11,Borehamwood (2025),2025,14,8144,Chris Olave,WR,NO,WR,4.50,AlastairL,24,14
joshjr11,Borehamwood (2025),2025,14,9224,Chase Brown,RB,CIN,RB,17.00,AlastairL,25,14
joshjr11,Borehamwood (2025),2025,14,9226,De'Von Achane,RB,MIA,RB,17.00,AlastairL,23,14
joshjr11,Borehamwood (2025),2025,14,DEN,Denver Broncos,DEF,DEN,DEF,12.00,AlastairL,0,14
joshjr11,Borehamwood (2025),2025,14,NO,New Orleans Saints,DEF,NO,BN,4.00,AlastairL,0,14
benjlev,Borehamwood (2025),2025,14,11628,Marvin Harrison,WR,ARI,BN,0.00,saulgoat,22,14
benjlev,Borehamwood (2025),2025,14,11635,Ladd McConkey,WR,LAC,WR,1.70,saulgoat,23,14
benjlev,Borehamwood (2025),2025,14,12540,Chimere Dike,WR,TEN,WR,10.90,saulgoat,23,14
benjlev,Borehamwood (2025),2025,14,1466,Travis Kelce,TE,KC,TE,1.30,saulgoat,35,14
benjlev,Borehamwood (2025),2025,14,2747,Jason Myers,K,SEA,K,15.50,saulgoat,34,14
benjlev,Borehamwood (2025),2025,14,3198,Derrick Henry,RB,BAL,RB,10.70,saulgoat,31,14
benjlev,Borehamwood (2025),2025,14,3321,Tyreek Hill,WR,MIA,BN,0.00,saulgoat,31,14
benjlev,Borehamwood (2025),2025,14,4199,Aaron Jones,RB,MIN,BN,7.60,saulgoat,30,14
benjlev,Borehamwood (2025),2025,14,4866,Saquon Barkley,RB,PHI,RB,18.20,saulgoat,28,14
benjlev,Borehamwood (2025),2025,14,4881,Lamar Jackson,QB,BAL,QB,23.06,saulgoat,28,14
benjlev,Borehamwood (2025),2025,14,4892,Baker Mayfield,QB,TB,BN,13.08,saulgoat,30,14
benjlev,Borehamwood (2025),2025,14,5012,Mark Andrews,TE,BAL,BN,1.40,saulgoat,29,14
benjlev,Borehamwood (2025),2025,14,5892,David Montgomery,RB,DET,BN,13.80,saulgoat,27,14
benjlev,Borehamwood (2025),2025,14,8121,Romeo Doubs,WR,GB,WR,0.00,saulgoat,25,14
benjlev,Borehamwood (2025),2025,14,8155,Breece Hall,RB,NYJ,FLEX,4.30,saulgoat,24,14
benjlev,Borehamwood (2025),2025,14,9756,Jordan Addison,WR,MIN,BN,8.20,saulgoat,23,14
benjlev,Borehamwood (2025),2025,14,MIA,Miami Dolphins,DEF,MIA,DEF,17.00,saulgoat,0,14
dpol,Borehamwood (2025),2025,14,11584,Bucky Irving,RB,TB,RB,15.10,sanfbe,22,14
dpol,Borehamwood (2025),2025,14,11655,Tyrone Tracy,RB,NYG,BN,0.00,sanfbe,25,14
dpol,Borehamwood (2025),2025,14,12481,Cam Skattebo,RB,NYG,BN,0.00,sanfbe,23,14
dpol,Borehamwood (2025),2025,14,12507,Omarion Hampton,RB,LAC,BN,13.70,sanfbe,22,14
dpol,Borehamwood (2025),2025,14,2216,Mike Evans,WR,TB,BN,0.00,sanfbe,31,14
dpol,Borehamwood (2025),2025,14,4046,Patrick Mahomes,QB,KC,QB,5.80,sanfbe,29,14
dpol,Borehamwood (2025),2025,14,4217,George Kittle,TE,SF,BN,0.00,sanfbe,31,14
dpol,Borehamwood (2025),2025,14,5859,A.J. Brown,WR,PHI,FLEX,13.00,sanfbe,27,14
dpol,Borehamwood (2025),2025,14,5947,Jakobi Meyers,WR,LV,WR,12.80,sanfbe,28,14
dpol,Borehamwood (2025),2025,14,6786,CeeDee Lamb,WR,DAL,WR,15.10,sanfbe,26,14
dpol,Borehamwood (2025),2025,14,6813,Jonathan Taylor,RB,IND,RB,11.40,sanfbe,26,14
dpol,Borehamwood (2025),2025,14,7553,Kyle Pitts,TE,ATL,TE,12.00,sanfbe,24,14
dpol,Borehamwood (2025),2025,14,8126,Wan'Dale Robinson,WR,NYG,BN,0.00,sanfbe,24,14
dpol,Borehamwood (2025),2025,14,8259,Cameron Dicker,K,LAC,K,22.00,sanfbe,25,14
dpol,Borehamwood (2025),2025,14,9493,Puka Nacua,WR,LAR,WR,32.20,sanfbe,24,14
dpol,Borehamwood (2025),2025,14,LAR,Los Angeles Rams,DEF,LAR,DEF,7.00,sanfbe,0,14
dpol,Borehamwood (2025),2025,14,NE,New England Patriots,DEF,NE,BN,0.00,sanfbe,0,14
saulgoat,Borehamwood (2025),2025,14,11539,Jake Bates,K,DET,K,18.10,benjlev,26,14
saulgoat,Borehamwood (2025),2025,14,11566,Jayden Daniels,QB,WAS,BN,2.72,benjlev,24,14
saulgoat,Borehamwood (2025),2025,14,11586,Blake Corum,RB,LAR,BN,25.60,benjlev,24,14
saulgoat,Borehamwood (2025),2025,14,11589,Trey Benson,RB,ARI,BN,0.00,benjlev,22,14
saulgoat,Borehamwood (2025),2025,14,11624,Xavier Worthy,WR,KC,BN,7.00,benjlev,22,14
saulgoat,Borehamwood (2025),2025,14,11625,Adonai Mitchell,WR,IND,BN,2.90,benjlev,22,14
saulgoat,Borehamwood (2025),2025,14,11632,Malik Nabers,WR,NYG,BN,0.00,benjlev,21,14
saulgoat,Borehamwood (2025),2025,14,12518,Tyler Warren,TE,IND,TE,2.70,benjlev,23,14
saulgoat,Borehamwood (2025),2025,14,12529,TreVeyon Henderson,RB,NE,BN,0.00,benjlev,22,14
saulgoat,Borehamwood (2025),2025,14,3163,Jared Goff,QB,DET,QB,18.16,benjlev,30,14
saulgoat,Borehamwood (2025),2025,14,5045,Courtland Sutton,WR,DEN,FLEX,9.20,benjlev,29,14
saulgoat,Borehamwood (2025),2025,14,6801,Tee Higgins,WR,CIN,WR,24.20,benjlev,26,14
saulgoat,Borehamwood (2025),2025,14,7526,Jaylen Waddle,WR,MIA,WR,15.60,benjlev,26,14
saulgoat,Borehamwood (2025),2025,14,7543,Travis Etienne,RB,JAX,RB,20.70,benjlev,26,14
saulgoat,Borehamwood (2025),2025,14,7569,Nico Collins,WR,HOU,WR,14.10,benjlev,26,14
saulgoat,Borehamwood (2025),2025,14,7588,Javonte Williams,RB,DAL,RB,13.70,benjlev,25,14
saulgoat,Borehamwood (2025),2025,14,8408,Jordan Mason,RB,MIN,BN,11.20,benjlev,26,14
saulgoat,Borehamwood (2025),2025,14,BAL,Baltimore Ravens,DEF,BAL,DEF,0.00,benjlev,0,14
saulgoat,Borehamwood (2025),2025,14,SF,San Francisco 49ers,DEF,SF,BN,0.00,benjlev,0,14
drjkay,Borehamwood (2025),2025,14,10236,Dalton Kincaid,TE,BUF,TE,12.10,GSac,25,14
drjkay,Borehamwood (2025),2025,14,11647,Kimani Vidal,RB,LAC,BN,10.90,GSac,23,14
drjkay,Borehamwood (2025),2025,14,12489,RJ Harvey,RB,DEN,FLEX,19.00,GSac,24,14
drjkay,Borehamwood (2025),2025,14,12508,Jaxson Dart,QB,NYG,BN,0.00,GSac,22,14
drjkay,Borehamwood (2025),2025,14,12512,Quinshon Judkins,RB,CLE,RB,8.90,GSac,21,14
drjkay,Borehamwood (2025),2025,14,12514,Emeka Egbuka,WR,TB,BN,2.50,GSac,22,14
drjkay,Borehamwood (2025),2025,14,12526,Tetairoa McMillan,WR,CAR,BN,0.00,GSac,22,14
drjkay,Borehamwood (2025),2025,14,12711,Tyler Loop,K,BAL,K,10.20,GSac,,14
drjkay,Borehamwood (2025),2025,14,3294,Dak Prescott,QB,DAL,QB,20.44,GSac,31,14
drjkay,Borehamwood (2025),2025,14,4098,Kareem Hunt,RB,KC,BN,9.00,GSac,29,14
drjkay,Borehamwood (2025),2025,14,6806,J.K. Dobbins,RB,DEN,BN,0.00,GSac,26,14
drjkay,Borehamwood (2025),2025,14,6819,Michael Pittman,WR,IND,WR,12.40,GSac,27,14
drjkay,Borehamwood (2025),2025,14,7567,Kenneth Gainwell,RB,PIT,BN,13.20,GSac,26,14
drjkay,Borehamwood (2025),2025,14,8137,George Pickens,WR,DAL,WR,6.20,GSac,24,14
drjkay,Borehamwood (2025),2025,14,8228,Jaylen Warren,RB,PIT,RB,13.70,GSac,26,14
drjkay,Borehamwood (2025),2025,14,9480,Brenton Strange,TE,JAX,BN,4.20,GSac,24,14
drjkay,Borehamwood (2025),2025,14,9488,Jaxon Smith-Njigba,WR,SEA,WR,24.60,GSac,23,14
drjkay,Borehamwood (2025),2025,14,SEA,Seattle Seahawks,DEF,SEA,DEF,19.00,GSac,0,14
AlastairL,Borehamwood (2025),2025,14,11533,Brandon Aubrey,K,DAL,K,25.70,joshjr11,30,14
AlastairL,Borehamwood (2025),2025,14,11564,Drake Maye,QB,NE,BN,0.00,joshjr11,22,14
AlastairL,Borehamwood (2025),2025,14,11604,Brock Bowers,TE,LV,TE,12.60,joshjr11,22,14
AlastairL,Borehamwood (2025),2025,14,2449,Stefon Diggs,WR,NE,BN,0.00,joshjr11,31,14
AlastairL,Borehamwood (2025),2025,14,4034,Christian McCaffrey,RB,SF,BN,0.00,joshjr11,28,14
AlastairL,Borehamwood (2025),2025,14,421,Matthew Stafford,QB,LAR,QB,29.24,joshjr11,37,14
AlastairL,Borehamwood (2025),2025,14,5927,Terry McLaurin,WR,WAS,WR,5.60,joshjr11,29,14
AlastairL,Borehamwood (2025),2025,14,6790,D'Andre Swift,RB,CHI,RB,9.70,joshjr11,26,14
AlastairL,Borehamwood (2025),2025,14,7547,Amon-Ra St. Brown,WR,DET,WR,12.20,joshjr11,25,14
AlastairL,Borehamwood (2025),2025,14,8142,Alec Pierce,WR,IND,BN,10.50,joshjr11,25,14
AlastairL,Borehamwood (2025),2025,14,8148,Jameson Williams,WR,DET,WR,13.80,joshjr11,24,14
AlastairL,Borehamwood (2025),2025,14,8150,Kyren Williams,RB,LAR,FLEX,16.70,joshjr11,24,14
AlastairL,Borehamwood (2025),2025,14,8151,Kenneth Walker,RB,SEA,RB,3.30,joshjr11,24,14
AlastairL,Borehamwood (2025),2025,14,8154,Brian Robinson,RB,WAS,BN,0.00,joshjr11,26,14
AlastairL,Borehamwood (2025),2025,14,CLE,Cleveland Browns,DEF,CLE,DEF,2.00,joshjr11,0,14
AlastairL,Borehamwood (2025),2025,14,HOU,Houston Texans,DEF,HOU,BN,13.00,joshjr11,0,14
GSac,Borehamwood (2025),2025,14,11620,Rome Odunze,WR,CHI,BN,0.00,drjkay,22,14
GSac,Borehamwood (2025),2025,14,11786,Cam Little,K,JAX,K,12.30,drjkay,21,14
GSac,Borehamwood (2025),2025,14,12476,Devin Neal,RB,NO,BN,14.90,drjkay,21,14
GSac,Borehamwood (2025),2025,14,12527,Ashton Jeanty,RB,LV,FLEX,4.80,drjkay,21,14
GSac,Borehamwood (2025),2025,14,12530,Travis Hunter,DB,JAX,BN,0.00,drjkay,22,14
GSac,Borehamwood (2025),2025,14,2133,Davante Adams,WR,LAR,WR,4.90,drjkay,32,14
GSac,Borehamwood (2025),2025,14,6904,Jalen Hurts,QB,PHI,QB,0.40,drjkay,26,14
GSac,Borehamwood (2025),2025,14,7049,Jauan Jennings,WR,SF,BN,0.00,drjkay,27,14
GSac,Borehamwood (2025),2025,14,7525,DeVonta Smith,WR,PHI,WR,5.70,drjkay,26,14
GSac,Borehamwood (2025),2025,14,8110,Jake Ferguson,TE,DAL,TE,8.30,drjkay,26,14
GSac,Borehamwood (2025),2025,14,8134,Khalil Shakir,WR,BUF,BN,8.60,drjkay,25,14
GSac,Borehamwood (2025),2025,14,8138,James Cook,RB,BUF,RB,10.10,drjkay,25,14
GSac,Borehamwood (2025),2025,14,8167,Christian Watson,WR,GB,WR,22.90,drjkay,26,14
GSac,Borehamwood (2025),2025,14,9221,Jahmyr Gibbs,RB,DET,RB,33.50,drjkay,23,14
GSac,Borehamwood (2025),2025,14,9504,Kayshon Boutte,WR,NE,BN,0.00,drjkay,23,14
GSac,Borehamwood (2025),2025,14,9508,Tyjae Spears,RB,TEN,BN,5.70,drjkay,23,14
GSac,Borehamwood (2025),2025,14,TB,Tampa Bay Buccaneers,DEF,TB,DEF,5.00,drjkay,0,14
sanfbe,Borehamwood (2025),2025,14,10213,Tre Tucker,WR,LV,BN,3.40,dpol,24,14
sanfbe,Borehamwood (2025),2025,14,10232,Michael Wilson,WR,ARI,WR,31.70,dpol,25,14
sanfbe,Borehamwood (2025),2025,14,10859,Sam LaPorta,TE,DET,BN,0.00,dpol,24,14
sanfbe,Borehamwood (2025),2025,14,11627,Troy Franklin,WR,DEN,BN,2.60,dpol,22,14
sanfbe,Borehamwood (2025),2025,14,12534,Kyle Monangai,RB,CHI,FLEX,8.20,dpol,22,14
sanfbe,Borehamwood (2025),2025,14,1945,Chris Boswell,K,PIT,K,9.00,dpol,34,14
sanfbe,Borehamwood (2025),2025,14,4984,Josh Allen,QB,BUF,QB,43.84,dpol,29,14
sanfbe,Borehamwood (2025),2025,14,5022,Dallas Goedert,TE,PHI,BN,11.80,dpol,30,14
sanfbe,Borehamwood (2025),2025,14,5846,DK Metcalf,WR,PIT,WR,18.30,dpol,27,14
sanfbe,Borehamwood (2025),2025,14,5850,Josh Jacobs,RB,GB,RB,16.20,dpol,27,14
sanfbe,Borehamwood (2025),2025,14,5872,Deebo Samuel,WR,WAS,WR,4.70,dpol,29,14
sanfbe,Borehamwood (2025),2025,14,6865,Colby Parkinson,TE,LAR,TE,10.70,dpol,26,14
sanfbe,Borehamwood (2025),2025,14,7021,Rico Dowdle,RB,CAR,BN,0.00,dpol,26,14
sanfbe,Borehamwood (2025),2025,14,8146,Garrett Wilson,WR,NYJ,BN,0.00,dpol,24,14
sanfbe,Borehamwood (2025),2025,14,9509,Bijan Robinson,RB,ATL,RB,8.40,dpol,23,14
sanfbe,Borehamwood (2025),2025,14,9753,Zach Charbonnet,RB,SEA,BN,7.60,dpol,24,14
sanfbe,Borehamwood (2025),2025,14,9997,Zay Flowers,WR,BAL,BN,16.60,dpol,24,14
sanfbe,Borehamwood (2025),2025,14,PIT,Pittsburgh Steelers,DEF,PIT,DEF,4.00,dpol,0,14
joshjr11,Borehamwood (2025),2025,15,10229,Rashee Rice,WR,KC,WR,8.60,saulgoat,25,15
joshjr11,Borehamwood (2025),2025,15,11631,Brian Thomas,WR,JAX,BN,15.10,saulgoat,22,15
joshjr11,Borehamwood (2025),2025,15,12474,Woody Marks,RB,HOU,RB,10.30,saulgoat,24,15
joshjr11,Borehamwood (2025),2025,15,3451,Ka'imi Fairbairn,K,HOU,K,18.80,saulgoat,31,15
joshjr11,Borehamwood (2025),2025,15,4137,James Conner,RB,ARI,BN,0.00,saulgoat,30,15
joshjr11,Borehamwood (2025),2025,15,6770,Joe Burrow,QB,CIN,QB,5.50,saulgoat,28,15
joshjr11,Borehamwood (2025),2025,15,6794,Justin Jefferson,WR,MIN,WR,3.20,saulgoat,25,15
joshjr11,Borehamwood (2025),2025,15,7564,Ja'Marr Chase,WR,CIN,WR,18.20,saulgoat,25,15
joshjr11,Borehamwood (2025),2025,15,7594,Chuba Hubbard,RB,CAR,BN,4.30,saulgoat,25,15
joshjr11,Borehamwood (2025),2025,15,8112,Drake London,WR,ATL,BN,0.00,saulgoat,23,15
joshjr11,Borehamwood (2025),2025,15,8122,Zonovan Knight,RB,NYJ,BN,-0.20,saulgoat,24,15
joshjr11,Borehamwood (2025),2025,15,8130,Trey McBride,TE,ARI,TE,31.40,saulgoat,25,15
joshjr11,Borehamwood (2025),2025,15,8144,Chris Olave,WR,NO,BN,17.50,saulgoat,24,15
joshjr11,Borehamwood (2025),2025,15,8183,Brock Purdy,QB,SF,BN,32.20,saulgoat,25,15
joshjr11,Borehamwood (2025),2025,15,9224,Chase Brown,RB,CIN,RB,12.50,saulgoat,25,15
joshjr11,Borehamwood (2025),2025,15,9226,De'Von Achane,RB,MIA,FLEX,15.70,saulgoat,23,15
joshjr11,Borehamwood (2025),2025,15,CHI,Chicago Bears,DEF,CHI,DEF,19.00,saulgoat,0,15
joshjr11,Borehamwood (2025),2025,15,DEN,Denver Broncos,DEF,DEN,BN,7.00,saulgoat,0,15
benjlev,Borehamwood (2025),2025,15,11435,Emanuel Wilson,RB,GB,BN,0.30,GSac,26,15
benjlev,Borehamwood (2025),2025,15,11628,Marvin Harrison,WR,ARI,BN,0.00,GSac,22,15
benjlev,Borehamwood (2025),2025,15,11635,Ladd McConkey,WR,LAC,WR,3.00,GSac,23,15
benjlev,Borehamwood (2025),2025,15,1466,Travis Kelce,TE,KC,TE,10.50,GSac,35,15
benjlev,Borehamwood (2025),2025,15,2747,Jason Myers,K,SEA,K,26.30,GSac,34,15
benjlev,Borehamwood (2025),2025,15,3198,Derrick Henry,RB,BAL,RB,10.00,GSac,31,15
benjlev,Borehamwood (2025),2025,15,3321,Tyreek Hill,WR,MIA,BN,0.00,GSac,31,15
benjlev,Borehamwood (2025),2025,15,4199,Aaron Jones,RB,MIN,BN,8.00,GSac,30,15
benjlev,Borehamwood (2025),2025,15,4866,Saquon Barkley,RB,PHI,RB,16.20,GSac,28,15
benjlev,Borehamwood (2025),2025,15,4881,Lamar Jackson,QB,BAL,QB,18.60,GSac,28,15
benjlev,Borehamwood (2025),2025,15,4892,Baker Mayfield,QB,TB,BN,23.18,GSac,30,15
benjlev,Borehamwood (2025),2025,15,5012,Mark Andrews,TE,BAL,BN,2.80,GSac,29,15
benjlev,Borehamwood (2025),2025,15,5892,David Montgomery,RB,DET,BN,9.20,GSac,27,15
benjlev,Borehamwood (2025),2025,15,6783,Jerry Jeudy,WR,CLE,BN,3.20,GSac,26,15
benjlev,Borehamwood (2025),2025,15,8155,Breece Hall,RB,NYJ,FLEX,4.70,GSac,24,15
benjlev,Borehamwood (2025),2025,15,9756,Jordan Addison,WR,MIN,WR,7.60,GSac,23,15
benjlev,Borehamwood (2025),2025,15,MIA,Miami Dolphins,DEF,MIA,DEF,2.00,GSac,0,15
dpol,Borehamwood (2025),2025,15,10219,Chris Rodriguez,RB,WAS,BN,0.00,No Matchup,25,15
dpol,Borehamwood (2025),2025,15,11584,Bucky Irving,RB,TB,RB,7.60,No Matchup,22,15
dpol,Borehamwood (2025),2025,15,11655,Tyrone Tracy,RB,NYG,BN,23.20,No Matchup,25,15
dpol,Borehamwood (2025),2025,15,12481,Cam Skattebo,RB,NYG,BN,0.00,No Matchup,23,15
dpol,Borehamwood (2025),2025,15,12507,Omarion Hampton,RB,LAC,BN,7.00,No Matchup,22,15
dpol,Borehamwood (2025),2025,15,2216,Mike Evans,WR,TB,BN,16.20,No Matchup,31,15
dpol,Borehamwood (2025),2025,15,3257,Jacoby Brissett,QB,ARI,BN,26.56,No Matchup,32,15
dpol,Borehamwood (2025),2025,15,4046,Patrick Mahomes,QB,KC,QB,13.06,No Matchup,29,15
dpol,Borehamwood (2025),2025,15,4217,George Kittle,TE,SF,TE,18.80,No Matchup,31,15
dpol,Borehamwood (2025),2025,15,5859,A.J. Brown,WR,PHI,FLEX,11.10,No Matchup,27,15
dpol,Borehamwood (2025),2025,15,5947,Jakobi Meyers,WR,LV,WR,9.60,No Matchup,28,15
dpol,Borehamwood (2025),2025,15,6786,CeeDee Lamb,WR,DAL,WR,14.10,No Matchup,26,15
dpol,Borehamwood (2025),2025,15,6813,Jonathan Taylor,RB,IND,RB,11.60,No Matchup,26,15
dpol,Borehamwood (2025),2025,15,8126,Wan'Dale Robinson,WR,NYG,BN,13.90,No Matchup,24,15
dpol,Borehamwood (2025),2025,15,8259,Cameron Dicker,K,LAC,K,13.80,No Matchup,25,15
dpol,Borehamwood (2025),2025,15,9493,Puka Nacua,WR,LAR,WR,23.40,No Matchup,24,15
dpol,Borehamwood (2025),2025,15,NE,New England Patriots,DEF,NE,DEF,-2.00,No Matchup,0,15
saulgoat,Borehamwood (2025),2025,15,11539,Jake Bates,K,DET,K,11.80,joshjr11,26,15
saulgoat,Borehamwood (2025),2025,15,11586,Blake Corum,RB,LAR,BN,13.10,joshjr11,24,15
saulgoat,Borehamwood (2025),2025,15,11589,Trey Benson,RB,ARI,BN,0.00,joshjr11,22,15
saulgoat,Borehamwood (2025),2025,15,11632,Malik Nabers,WR,NYG,BN,0.00,joshjr11,21,15
saulgoat,Borehamwood (2025),2025,15,11643,Jaylen Wright,RB,MIA,BN,1.60,joshjr11,22,15
saulgoat,Borehamwood (2025),2025,15,12506,Harold Fannin,TE,CLE,TE,8.50,joshjr11,20,15
saulgoat,Borehamwood (2025),2025,15,12518,Tyler Warren,TE,IND,BN,3.40,joshjr11,23,15
saulgoat,Borehamwood (2025),2025,15,12529,TreVeyon Henderson,RB,NE,FLEX,29.10,joshjr11,22,15
saulgoat,Borehamwood (2025),2025,15,3163,Jared Goff,QB,DET,QB,31.52,joshjr11,30,15
saulgoat,Borehamwood (2025),2025,15,5045,Courtland Sutton,WR,DEN,WR,20.80,joshjr11,29,15
saulgoat,Borehamwood (2025),2025,15,6801,Tee Higgins,WR,CIN,BN,0.00,joshjr11,26,15
saulgoat,Borehamwood (2025),2025,15,7526,Jaylen Waddle,WR,MIA,WR,3.60,joshjr11,26,15
saulgoat,Borehamwood (2025),2025,15,7543,Travis Etienne,RB,JAX,RB,30.00,joshjr11,26,15
saulgoat,Borehamwood (2025),2025,15,7569,Nico Collins,WR,HOU,WR,22.00,joshjr11,26,15
saulgoat,Borehamwood (2025),2025,15,7588,Javonte Williams,RB,DAL,RB,15.10,joshjr11,25,15
saulgoat,Borehamwood (2025),2025,15,8408,Jordan Mason,RB,MIN,BN,2.90,joshjr11,26,15
saulgoat,Borehamwood (2025),2025,15,8676,Rashid Shaheed,WR,NO,BN,9.60,joshjr11,26,15
saulgoat,Borehamwood (2025),2025,15,SF,San Francisco 49ers,DEF,SF,DEF,0.00,joshjr11,0,15
drjkay,Borehamwood (2025),2025,15,10236,Dalton Kincaid,TE,BUF,TE,4.90,sanfbe,25,15
drjkay,Borehamwood (2025),2025,15,12489,RJ Harvey,RB,DEN,RB,10.50,sanfbe,24,15
drjkay,Borehamwood (2025),2025,15,12508,Jaxson Dart,QB,NYG,QB,26.14,sanfbe,22,15
drjkay,Borehamwood (2025),2025,15,12512,Quinshon Judkins,RB,CLE,RB,3.20,sanfbe,21,15
drjkay,Borehamwood (2025),2025,15,12514,Emeka Egbuka,WR,TB,BN,8.40,sanfbe,22,15
drjkay,Borehamwood (2025),2025,15,12526,Tetairoa McMillan,WR,CAR,WR,3.50,sanfbe,22,15
drjkay,Borehamwood (2025),2025,15,12711,Tyler Loop,K,BAL,K,6.00,sanfbe,,15
drjkay,Borehamwood (2025),2025,15,3294,Dak Prescott,QB,DAL,BN,11.96,sanfbe,31,15
drjkay,Borehamwood (2025),2025,15,4098,Kareem Hunt,RB,KC,BN,2.50,sanfbe,29,15
drjkay,Borehamwood (2025),2025,15,6806,J.K. Dobbins,RB,DEN,BN,0.00,sanfbe,26,15
drjkay,Borehamwood (2025),2025,15,6819,Michael Pittman,WR,IND,BN,4.10,sanfbe,27,15
drjkay,Borehamwood (2025),2025,15,7567,Kenneth Gainwell,RB,PIT,FLEX,16.10,sanfbe,26,15
drjkay,Borehamwood (2025),2025,15,8137,George Pickens,WR,DAL,WR,4.80,sanfbe,24,15
drjkay,Borehamwood (2025),2025,15,8228,Jaylen Warren,RB,PIT,BN,6.30,sanfbe,26,15
drjkay,Borehamwood (2025),2025,15,9480,Brenton Strange,TE,JAX,BN,3.10,sanfbe,24,15
drjkay,Borehamwood (2025),2025,15,9488,Jaxon Smith-Njigba,WR,SEA,WR,14.80,sanfbe,23,15
drjkay,Borehamwood (2025),2025,15,SEA,Seattle Seahawks,DEF,SEA,DEF,5.00,sanfbe,0,15
AlastairL,Borehamwood (2025),2025,15,11533,Brandon Aubrey,K,DAL,K,17.50,No Matchup,30,15
AlastairL,Borehamwood (2025),2025,15,11564,Drake Maye,QB,NE,BN,20.50,No Matchup,22,15
AlastairL,Borehamwood (2025),2025,15,11604,Brock Bowers,TE,LV,TE,5.80,No Matchup,22,15
AlastairL,Borehamwood (2025),2025,15,2449,Stefon Diggs,WR,NE,WR,4.10,No Matchup,31,15
AlastairL,Borehamwood (2025),2025,15,4034,Christian McCaffrey,RB,SF,BN,15.20,No Matchup,28,15
AlastairL,Borehamwood (2025),2025,15,421,Matthew Stafford,QB,LAR,QB,24.92,No Matchup,37,15
AlastairL,Borehamwood (2025),2025,15,5927,Terry McLaurin,WR,WAS,WR,14.40,No Matchup,29,15
AlastairL,Borehamwood (2025),2025,15,5967,Tony Pollard,RB,TEN,BN,17.70,No Matchup,28,15
AlastairL,Borehamwood (2025),2025,15,6790,D'Andre Swift,RB,CHI,FLEX,22.10,No Matchup,26,15
AlastairL,Borehamwood (2025),2025,15,7547,Amon-Ra St. Brown,WR,DET,BN,34.90,No Matchup,25,15
AlastairL,Borehamwood (2025),2025,15,8132,Tyler Allgeier,RB,ATL,RB,1.80,No Matchup,25,15
AlastairL,Borehamwood (2025),2025,15,8142,Alec Pierce,WR,IND,WR,2.10,No Matchup,25,15
AlastairL,Borehamwood (2025),2025,15,8148,Jameson Williams,WR,DET,BN,22.90,No Matchup,24,15
AlastairL,Borehamwood (2025),2025,15,8150,Kyren Williams,RB,LAR,BN,21.30,No Matchup,24,15
AlastairL,Borehamwood (2025),2025,15,8151,Kenneth Walker,RB,SEA,BN,2.40,No Matchup,24,15
AlastairL,Borehamwood (2025),2025,15,8154,Brian Robinson,RB,WAS,RB,2.10,No Matchup,26,15
AlastairL,Borehamwood (2025),2025,15,HOU,Houston Texans,DEF,HOU,DEF,8.00,No Matchup,0,15
GSac,Borehamwood (2025),2025,15,11620,Rome Odunze,WR,CHI,BN,0.00,benjlev,22,15
GSac,Borehamwood (2025),2025,15,11786,Cam Little,K,JAX,K,12.30,benjlev,21,15
GSac,Borehamwood (2025),2025,15,12476,Devin Neal,RB,NO,BN,9.70,benjlev,21,15
GSac,Borehamwood (2025),2025,15,12527,Ashton Jeanty,RB,LV,FLEX,6.20,benjlev,21,15
GSac,Borehamwood (2025),2025,15,12530,Travis Hunter,DB,JAX,BN,0.00,benjlev,22,15
GSac,Borehamwood (2025),2025,15,2133,Davante Adams,WR,LAR,WR,9.10,benjlev,32,15
GSac,Borehamwood (2025),2025,15,6904,Jalen Hurts,QB,PHI,QB,28.90,benjlev,26,15
GSac,Borehamwood (2025),2025,15,7049,Jauan Jennings,WR,SF,BN,17.20,benjlev,27,15
GSac,Borehamwood (2025),2025,15,7525,DeVonta Smith,WR,PHI,WR,6.00,benjlev,26,15
GSac,Borehamwood (2025),2025,15,8110,Jake Ferguson,TE,DAL,TE,2.60,benjlev,26,15
GSac,Borehamwood (2025),2025,15,8134,Khalil Shakir,WR,BUF,BN,9.00,benjlev,25,15
GSac,Borehamwood (2025),2025,15,8138,James Cook,RB,BUF,RB,30.10,benjlev,25,15
GSac,Borehamwood (2025),2025,15,8167,Christian Watson,WR,GB,WR,4.40,benjlev,26,15
GSac,Borehamwood (2025),2025,15,9221,Jahmyr Gibbs,RB,DET,RB,7.80,benjlev,23,15
GSac,Borehamwood (2025),2025,15,9504,Kayshon Boutte,WR,NE,BN,3.50,benjlev,23,15
GSac,Borehamwood (2025),2025,15,9508,Tyjae Spears,RB,TEN,BN,4.60,benjlev,23,15
GSac,Borehamwood (2025),2025,15,JAX,Jacksonville Jaguars,DEF,JAX,BN,11.00,benjlev,0,15
sanfbe,Borehamwood (2025),2025,15,10213,Tre Tucker,WR,LV,BN,0.00,drjkay,24,15
sanfbe,Borehamwood (2025),2025,15,10232,Michael Wilson,WR,ARI,WR,13.90,drjkay,25,15
sanfbe,Borehamwood (2025),2025,15,10859,Sam LaPorta,TE,DET,BN,0.00,drjkay,24,15
sanfbe,Borehamwood (2025),2025,15,11627,Troy Franklin,WR,DEN,BN,17.80,drjkay,22,15
sanfbe,Borehamwood (2025),2025,15,12534,Kyle Monangai,RB,CHI,BN,3.30,drjkay,22,15
sanfbe,Borehamwood (2025),2025,15,4984,Josh Allen,QB,BUF,QB,30.52,drjkay,29,15
sanfbe,Borehamwood (2025),2025,15,5022,Dallas Goedert,TE,PHI,BN,22.00,drjkay,30,15
sanfbe,Borehamwood (2025),2025,15,5846,DK Metcalf,WR,PIT,WR,13.00,drjkay,27,15
sanfbe,Borehamwood (2025),2025,15,5850,Josh Jacobs,RB,GB,RB,22.20,drjkay,27,15
sanfbe,Borehamwood (2025),2025,15,5872,Deebo Samuel,WR,WAS,WR,5.80,drjkay,29,15
sanfbe,Borehamwood (2025),2025,15,6865,Colby Parkinson,TE,LAR,TE,22.00,drjkay,26,15
sanfbe,Borehamwood (2025),2025,15,7021,Rico Dowdle,RB,CAR,FLEX,11.90,drjkay,26,15
sanfbe,Borehamwood (2025),2025,15,7839,Evan McPherson,K,CIN,K,0.00,drjkay,25,15
sanfbe,Borehamwood (2025),2025,15,8146,Garrett Wilson,WR,NYJ,BN,0.00,drjkay,24,15
sanfbe,Borehamwood (2025),2025,15,9509,Bijan Robinson,RB,ATL,RB,25.50,drjkay,23,15
sanfbe,Borehamwood (2025),2025,15,9753,Zach Charbonnet,RB,SEA,BN,3.10,drjkay,24,15
sanfbe,Borehamwood (2025),2025,15,9997,Zay Flowers,WR,BAL,BN,14.30,drjkay,24,15
sanfbe,Borehamwood (2025),2025,15,PHI,Philadelphia Eagles,DEF,PHI,DEF,16.00,drjkay,0,15
joshjr11,Borehamwood (2025),2025,16,10229,Rashee Rice,WR,KC,BN,0.00,drjkay,25,16
joshjr11,Borehamwood (2025),2025,16,11631,Brian Thomas,WR,JAX,BN,2.80,drjkay,22,16
joshjr11,Borehamwood (2025),2025,16,12474,Woody Marks,RB,HOU,BN,0.00,drjkay,24,16
joshjr11,Borehamwood (2025),2025,16,3451,Ka'imi Fairbairn,K,HOU,K,17.40,drjkay,31,16
joshjr11,Borehamwood (2025),2025,16,4137,James Conner,RB,ARI,BN,0.00,drjkay,30,16
joshjr11,Borehamwood (2025),2025,16,6770,Joe Burrow,QB,CIN,QB,36.96,drjkay,28,16
joshjr11,Borehamwood (2025),2025,16,6794,Justin Jefferson,WR,MIN,WR,11.50,drjkay,25,16
joshjr11,Borehamwood (2025),2025,16,7564,Ja'Marr Chase,WR,CIN,WR,15.40,drjkay,25,16
joshjr11,Borehamwood (2025),2025,16,7594,Chuba Hubbard,RB,CAR,BN,3.90,drjkay,25,16
joshjr11,Borehamwood (2025),2025,16,8112,Drake London,WR,ATL,FLEX,4.20,drjkay,23,16
joshjr11,Borehamwood (2025),2025,16,8130,Trey McBride,TE,ARI,TE,4.70,drjkay,25,16
joshjr11,Borehamwood (2025),2025,16,8144,Chris Olave,WR,NO,WR,31.80,drjkay,24,16
joshjr11,Borehamwood (2025),2025,16,8183,Brock Purdy,QB,SF,BN,40.90,drjkay,25,16
joshjr11,Borehamwood (2025),2025,16,9224,Chase Brown,RB,CIN,RB,30.90,drjkay,25,16
joshjr11,Borehamwood (2025),2025,16,9226,De'Von Achane,RB,MIA,RB,16.50,drjkay,23,16
joshjr11,Borehamwood (2025),2025,16,CHI,Chicago Bears,DEF,CHI,BN,6.00,drjkay,0,16
joshjr11,Borehamwood (2025),2025,16,DEN,Denver Broncos,DEF,DEN,DEF,4.00,drjkay,0,16
benjlev,Borehamwood (2025),2025,16,11435,Emanuel Wilson,RB,GB,BN,8.20,No Matchup,26,16
benjlev,Borehamwood (2025),2025,16,11628,Marvin Harrison,WR,ARI,BN,1.90,No Matchup,22,16
benjlev,Borehamwood (2025),2025,16,11635,Ladd McConkey,WR,LAC,WR,12.30,No Matchup,23,16
benjlev,Borehamwood (2025),2025,16,1466,Travis Kelce,TE,KC,TE,1.10,No Matchup,35,16
benjlev,Borehamwood (2025),2025,16,2747,Jason Myers,K,SEA,K,2.00,No Matchup,34,16
benjlev,Borehamwood (2025),2025,16,3198,Derrick Henry,RB,BAL,RB,22.80,No Matchup,31,16
benjlev,Borehamwood (2025),2025,16,3321,Tyreek Hill,WR,MIA,BN,0.00,No Matchup,31,16
benjlev,Borehamwood (2025),2025,16,4199,Aaron Jones,RB,MIN,BN,10.30,No Matchup,30,16
benjlev,Borehamwood (2025),2025,16,4866,Saquon Barkley,RB,PHI,RB,21.20,No Matchup,28,16
benjlev,Borehamwood (2025),2025,16,4881,Lamar Jackson,QB,BAL,QB,4.74,No Matchup,28,16
benjlev,Borehamwood (2025),2025,16,4892,Baker Mayfield,QB,TB,BN,14.70,No Matchup,30,16
benjlev,Borehamwood (2025),2025,16,5012,Mark Andrews,TE,BAL,BN,3.40,No Matchup,29,16
benjlev,Borehamwood (2025),2025,16,5892,David Montgomery,RB,DET,BN,1.40,No Matchup,27,16
benjlev,Borehamwood (2025),2025,16,6783,Jerry Jeudy,WR,CLE,BN,2.70,No Matchup,26,16
benjlev,Borehamwood (2025),2025,16,8155,Breece Hall,RB,NYJ,FLEX,7.30,No Matchup,24,16
benjlev,Borehamwood (2025),2025,16,9756,Jordan Addison,WR,MIN,WR,3.60,No Matchup,23,16
benjlev,Borehamwood (2025),2025,16,MIA,Miami Dolphins,DEF,MIA,DEF,-2.00,No Matchup,0,16
dpol,Borehamwood (2025),2025,16,10219,Chris Rodriguez,RB,WAS,BN,13.40,sanfbe,25,16
dpol,Borehamwood (2025),2025,16,11584,Bucky Irving,RB,TB,RB,7.10,sanfbe,22,16
dpol,Borehamwood (2025),2025,16,11655,Tyrone Tracy,RB,NYG,BN,8.80,sanfbe,25,16
dpol,Borehamwood (2025),2025,16,12481,Cam Skattebo,RB,NYG,BN,0.00,sanfbe,23,16
dpol,Borehamwood (2025),2025,16,12507,Omarion Hampton,RB,LAC,BN,16.00,sanfbe,22,16
dpol,Borehamwood (2025),2025,16,2216,Mike Evans,WR,TB,FLEX,11.60,sanfbe,31,16
dpol,Borehamwood (2025),2025,16,3257,Jacoby Brissett,QB,ARI,QB,12.62,sanfbe,32,16
dpol,Borehamwood (2025),2025,16,4217,George Kittle,TE,SF,TE,21.00,sanfbe,31,16
dpol,Borehamwood (2025),2025,16,5859,A.J. Brown,WR,PHI,WR,14.00,sanfbe,27,16
dpol,Borehamwood (2025),2025,16,5947,Jakobi Meyers,WR,LV,BN,6.60,sanfbe,28,16
dpol,Borehamwood (2025),2025,16,6786,CeeDee Lamb,WR,DAL,WR,8.10,sanfbe,26,16
dpol,Borehamwood (2025),2025,16,6813,Jonathan Taylor,RB,IND,RB,15.40,sanfbe,26,16
dpol,Borehamwood (2025),2025,16,8126,Wan'Dale Robinson,WR,NYG,BN,3.70,sanfbe,24,16
dpol,Borehamwood (2025),2025,16,8259,Cameron Dicker,K,LAC,K,10.70,sanfbe,25,16
dpol,Borehamwood (2025),2025,16,9493,Puka Nacua,WR,LAR,WR,40.50,sanfbe,24,16
dpol,Borehamwood (2025),2025,16,NE,New England Patriots,DEF,NE,BN,5.00,sanfbe,0,16
dpol,Borehamwood (2025),2025,16,NO,New Orleans Saints,DEF,NO,DEF,20.00,sanfbe,0,16
saulgoat,Borehamwood (2025),2025,16,11539,Jake Bates,K,DET,K,6.60,AlastairL,26,16
saulgoat,Borehamwood (2025),2025,16,11586,Blake Corum,RB,LAR,BN,12.60,AlastairL,24,16
saulgoat,Borehamwood (2025),2025,16,11589,Trey Benson,RB,ARI,BN,0.00,AlastairL,22,16
saulgoat,Borehamwood (2025),2025,16,11632,Malik Nabers,WR,NYG,BN,0.00,AlastairL,21,16
saulgoat,Borehamwood (2025),2025,16,11643,Jaylen Wright,RB,MIA,BN,11.80,AlastairL,22,16
saulgoat,Borehamwood (2025),2025,16,12506,Harold Fannin,TE,CLE,BN,17.50,AlastairL,20,16
saulgoat,Borehamwood (2025),2025,16,12529,TreVeyon Henderson,RB,NE,FLEX,1.70,AlastairL,22,16
saulgoat,Borehamwood (2025),2025,16,2505,Darren Waller,TE,,TE,5.50,AlastairL,32,16
saulgoat,Borehamwood (2025),2025,16,3163,Jared Goff,QB,DET,QB,32.46,AlastairL,30,16
saulgoat,Borehamwood (2025),2025,16,5045,Courtland Sutton,WR,DEN,WR,17.60,AlastairL,29,16
saulgoat,Borehamwood (2025),2025,16,6801,Tee Higgins,WR,CIN,WR,12.80,AlastairL,26,16
saulgoat,Borehamwood (2025),2025,16,7526,Jaylen Waddle,WR,MIA,BN,9.70,AlastairL,26,16
saulgoat,Borehamwood (2025),2025,16,7543,Travis Etienne,RB,JAX,RB,14.60,AlastairL,26,16
saulgoat,Borehamwood (2025),2025,16,7569,Nico Collins,WR,HOU,WR,7.90,AlastairL,26,16
saulgoat,Borehamwood (2025),2025,16,7588,Javonte Williams,RB,DAL,RB,5.30,AlastairL,25,16
saulgoat,Borehamwood (2025),2025,16,7607,Michael Carter,RB,ARI,BN,6.50,AlastairL,26,16
saulgoat,Borehamwood (2025),2025,16,8408,Jordan Mason,RB,MIN,BN,1.60,AlastairL,26,16
saulgoat,Borehamwood (2025),2025,16,BUF,Buffalo Bills,DEF,BUF,DEF,9.00,AlastairL,0,16
drjkay,Borehamwood (2025),2025,16,10236,Dalton Kincaid,TE,BUF,TE,0.00,joshjr11,25,16
drjkay,Borehamwood (2025),2025,16,12489,RJ Harvey,RB,DEN,RB,20.10,joshjr11,24,16
drjkay,Borehamwood (2025),2025,16,12508,Jaxson Dart,QB,NYG,QB,0.02,joshjr11,22,16
drjkay,Borehamwood (2025),2025,16,12512,Quinshon Judkins,RB,CLE,RB,7.60,joshjr11,21,16
drjkay,Borehamwood (2025),2025,16,12514,Emeka Egbuka,WR,TB,BN,4.50,joshjr11,22,16
drjkay,Borehamwood (2025),2025,16,12526,Tetairoa McMillan,WR,CAR,WR,16.30,joshjr11,22,16
drjkay,Borehamwood (2025),2025,16,12711,Tyler Loop,K,BAL,K,6.60,joshjr11,,16
drjkay,Borehamwood (2025),2025,16,3294,Dak Prescott,QB,DAL,BN,23.16,joshjr11,31,16
drjkay,Borehamwood (2025),2025,16,4098,Kareem Hunt,RB,KC,BN,0.20,joshjr11,29,16
drjkay,Borehamwood (2025),2025,16,6806,J.K. Dobbins,RB,DEN,BN,0.00,joshjr11,26,16
drjkay,Borehamwood (2025),2025,16,6819,Michael Pittman,WR,IND,BN,5.20,joshjr11,27,16
drjkay,Borehamwood (2025),2025,16,7567,Kenneth Gainwell,RB,PIT,FLEX,21.30,joshjr11,26,16
drjkay,Borehamwood (2025),2025,16,8137,George Pickens,WR,DAL,WR,22.50,joshjr11,24,16
drjkay,Borehamwood (2025),2025,16,8228,Jaylen Warren,RB,PIT,BN,28.10,joshjr11,26,16
drjkay,Borehamwood (2025),2025,16,9480,Brenton Strange,TE,JAX,BN,12.40,joshjr11,24,16
drjkay,Borehamwood (2025),2025,16,9488,Jaxon Smith-Njigba,WR,SEA,WR,19.60,joshjr11,23,16
drjkay,Borehamwood (2025),2025,16,SEA,Seattle Seahawks,DEF,SEA,DEF,2.00,joshjr11,0,16
AlastairL,Borehamwood (2025),2025,16,11533,Brandon Aubrey,K,DAL,K,5.30,saulgoat,30,16
AlastairL,Borehamwood (2025),2025,16,11564,Drake Maye,QB,NE,QB,27.70,saulgoat,22,16
AlastairL,Borehamwood (2025),2025,16,11604,Brock Bowers,TE,LV,BN,11.80,saulgoat,22,16
AlastairL,Borehamwood (2025),2025,16,2449,Stefon Diggs,WR,NE,BN,18.30,saulgoat,31,16
AlastairL,Borehamwood (2025),2025,16,4034,Christian McCaffrey,RB,SF,RB,29.60,saulgoat,28,16
AlastairL,Borehamwood (2025),2025,16,421,Matthew Stafford,QB,LAR,BN,36.88,saulgoat,37,16
AlastairL,Borehamwood (2025),2025,16,5927,Terry McLaurin,WR,WAS,WR,6.80,saulgoat,29,16
AlastairL,Borehamwood (2025),2025,16,5967,Tony Pollard,RB,TEN,BN,10.20,saulgoat,28,16
AlastairL,Borehamwood (2025),2025,16,6790,D'Andre Swift,RB,CHI,FLEX,8.00,saulgoat,26,16
AlastairL,Borehamwood (2025),2025,16,7547,Amon-Ra St. Brown,WR,DET,WR,7.40,saulgoat,25,16
AlastairL,Borehamwood (2025),2025,16,7553,Kyle Pitts,TE,ATL,TE,15.20,saulgoat,24,16
AlastairL,Borehamwood (2025),2025,16,8148,Jameson Williams,WR,DET,WR,9.50,saulgoat,24,16
AlastairL,Borehamwood (2025),2025,16,8150,Kyren Williams,RB,LAR,RB,10.00,saulgoat,24,16
AlastairL,Borehamwood (2025),2025,16,8151,Kenneth Walker,RB,SEA,BN,23.90,saulgoat,24,16
AlastairL,Borehamwood (2025),2025,16,8154,Brian Robinson,RB,WAS,BN,2.00,saulgoat,26,16
AlastairL,Borehamwood (2025),2025,16,HOU,Houston Texans,DEF,HOU,DEF,11.00,saulgoat,0,16
AlastairL,Borehamwood (2025),2025,16,PIT,Pittsburgh Steelers,DEF,PIT,BN,5.00,saulgoat,0,16
GSac,Borehamwood (2025),2025,16,11579,Audric Estime,RB,DEN,BN,5.10,No Matchup,21,16
GSac,Borehamwood (2025),2025,16,11620,Rome Odunze,WR,CHI,BN,0.00,No Matchup,22,16
GSac,Borehamwood (2025),2025,16,11786,Cam Little,K,JAX,K,11.70,No Matchup,21,16
GSac,Borehamwood (2025),2025,16,12476,Devin Neal,RB,NO,BN,0.00,No Matchup,21,16
GSac,Borehamwood (2025),2025,16,12527,Ashton Jeanty,RB,LV,FLEX,31.30,No Matchup,21,16
GSac,Borehamwood (2025),2025,16,12530,Travis Hunter,DB,JAX,BN,0.00,No Matchup,22,16
GSac,Borehamwood (2025),2025,16,2133,Davante Adams,WR,LAR,WR,0.00,No Matchup,32,16
GSac,Borehamwood (2025),2025,16,6904,Jalen Hurts,QB,PHI,QB,23.40,No Matchup,26,16
GSac,Borehamwood (2025),2025,16,7049,Jauan Jennings,WR,SF,BN,15.60,No Matchup,27,16
GSac,Borehamwood (2025),2025,16,7525,DeVonta Smith,WR,PHI,WR,13.20,No Matchup,26,16
GSac,Borehamwood (2025),2025,16,8110,Jake Ferguson,TE,DAL,TE,3.40,No Matchup,26,16
GSac,Borehamwood (2025),2025,16,8134,Khalil Shakir,WR,BUF,BN,5.40,No Matchup,25,16
GSac,Borehamwood (2025),2025,16,8138,James Cook,RB,BUF,RB,25.90,No Matchup,25,16
GSac,Borehamwood (2025),2025,16,8167,Christian Watson,WR,GB,WR,2.70,No Matchup,26,16
GSac,Borehamwood (2025),2025,16,9221,Jahmyr Gibbs,RB,DET,RB,17.80,No Matchup,23,16
GSac,Borehamwood (2025),2025,16,9504,Kayshon Boutte,WR,NE,BN,2.10,No Matchup,23,16
GSac,Borehamwood (2025),2025,16,9508,Tyjae Spears,RB,TEN,BN,19.00,No Matchup,23,16
GSac,Borehamwood (2025),2025,16,JAX,Jacksonville Jaguars,DEF,JAX,BN,7.00,No Matchup,0,16
sanfbe,Borehamwood (2025),2025,16,10222,Jayden Reed,WR,GB,BN,5.60,dpol,25,16
sanfbe,Borehamwood (2025),2025,16,10232,Michael Wilson,WR,ARI,WR,12.20,dpol,25,16
sanfbe,Borehamwood (2025),2025,16,10859,Sam LaPorta,TE,DET,BN,0.00,dpol,24,16
sanfbe,Borehamwood (2025),2025,16,11627,Troy Franklin,WR,DEN,BN,8.60,dpol,22,16
sanfbe,Borehamwood (2025),2025,16,12534,Kyle Monangai,RB,CHI,BN,10.80,dpol,22,16
sanfbe,Borehamwood (2025),2025,16,4984,Josh Allen,QB,BUF,QB,6.90,dpol,29,16
sanfbe,Borehamwood (2025),2025,16,5022,Dallas Goedert,TE,PHI,TE,10.70,dpol,30,16
sanfbe,Borehamwood (2025),2025,16,5189,Eddy Pineiro,K,,K,12.80,dpol,29,16
sanfbe,Borehamwood (2025),2025,16,5846,DK Metcalf,WR,PIT,WR,6.20,dpol,27,16
sanfbe,Borehamwood (2025),2025,16,5850,Josh Jacobs,RB,GB,FLEX,3.80,dpol,27,16
sanfbe,Borehamwood (2025),2025,16,5872,Deebo Samuel,WR,WAS,BN,5.00,dpol,29,16
sanfbe,Borehamwood (2025),2025,16,6865,Colby Parkinson,TE,LAR,BN,3.10,dpol,26,16
sanfbe,Borehamwood (2025),2025,16,7021,Rico Dowdle,RB,CAR,RB,6.30,dpol,26,16
sanfbe,Borehamwood (2025),2025,16,8146,Garrett Wilson,WR,NYJ,BN,0.00,dpol,24,16
sanfbe,Borehamwood (2025),2025,16,9509,Bijan Robinson,RB,ATL,RB,26.30,dpol,23,16
sanfbe,Borehamwood (2025),2025,16,9753,Zach Charbonnet,RB,SEA,BN,15.40,dpol,24,16
sanfbe,Borehamwood (2025),2025,16,9997,Zay Flowers,WR,BAL,WR,17.70,dpol,24,16
sanfbe,Borehamwood (2025),2025,16,PHI,Philadelphia Eagles,DEF,PHI,DEF,6.00,dpol,0,16
joshjr11,Borehamwood (2025),2025,17,10229,Rashee Rice,WR,KC,BN,0.00,No Matchup,25,17
joshjr11,Borehamwood (2025),2025,17,11631,Brian Thomas,WR,JAX,BN,5.90,No Matchup,22,17
joshjr11,Borehamwood (2025),2025,17,12474,Woody Marks,RB,HOU,BN,8.00,No Matchup,24,17
joshjr11,Borehamwood (2025),2025,17,3451,Ka'imi Fairbairn,K,HOU,K,10.50,No Matchup,31,17
joshjr11,Borehamwood (2025),2025,17,4137,James Conner,RB,ARI,BN,0.00,No Matchup,30,17
joshjr11,Borehamwood (2025),2025,17,6770,Joe Burrow,QB,CIN,BN,24.40,No Matchup,28,17
joshjr11,Borehamwood (2025),2025,17,6794,Justin Jefferson,WR,MIN,WR,5.00,No Matchup,25,17
joshjr11,Borehamwood (2025),2025,17,7564,Ja'Marr Chase,WR,CIN,WR,21.50,No Matchup,25,17
joshjr11,Borehamwood (2025),2025,17,7594,Chuba Hubbard,RB,CAR,BN,1.30,No Matchup,25,17
joshjr11,Borehamwood (2025),2025,17,8112,Drake London,WR,ATL,FLEX,0.90,No Matchup,23,17
joshjr11,Borehamwood (2025),2025,17,8130,Trey McBride,TE,ARI,TE,18.60,No Matchup,25,17
joshjr11,Borehamwood (2025),2025,17,8144,Chris Olave,WR,NO,WR,21.90,No Matchup,24,17
joshjr11,Borehamwood (2025),2025,17,8183,Brock Purdy,QB,SF,QB,42.92,No Matchup,25,17
joshjr11,Borehamwood (2025),2025,17,9224,Chase Brown,RB,CIN,RB,27.60,No Matchup,25,17
joshjr11,Borehamwood (2025),2025,17,9226,De'Von Achane,RB,MIA,RB,12.70,No Matchup,23,17
joshjr11,Borehamwood (2025),2025,17,CHI,Chicago Bears,DEF,CHI,BN,5.00,No Matchup,0,17
joshjr11,Borehamwood (2025),2025,17,DEN,Denver Broncos,DEF,DEN,DEF,6.00,No Matchup,0,17
benjlev,Borehamwood (2025),2025,17,10213,Tre Tucker,WR,LV,BN,7.40,No Matchup,24,17
benjlev,Borehamwood (2025),2025,17,11435,Emanuel Wilson,RB,GB,BN,2.90,No Matchup,26,17
benjlev,Borehamwood (2025),2025,17,11628,Marvin Harrison,WR,ARI,BN,0.00,No Matchup,22,17
benjlev,Borehamwood (2025),2025,17,11635,Ladd McConkey,WR,LAC,WR,3.60,No Matchup,23,17
benjlev,Borehamwood (2025),2025,17,11638,Ricky Pearsall,WR,SF,BN,11.00,No Matchup,24,17
benjlev,Borehamwood (2025),2025,17,1466,Travis Kelce,TE,KC,TE,6.10,No Matchup,35,17
benjlev,Borehamwood (2025),2025,17,2747,Jason Myers,K,SEA,K,10.80,No Matchup,34,17
benjlev,Borehamwood (2025),2025,17,3198,Derrick Henry,RB,BAL,RB,45.60,No Matchup,31,17
benjlev,Borehamwood (2025),2025,17,3321,Tyreek Hill,WR,MIA,BN,0.00,No Matchup,31,17
benjlev,Borehamwood (2025),2025,17,4199,Aaron Jones,RB,MIN,BN,13.80,No Matchup,30,17
benjlev,Borehamwood (2025),2025,17,4866,Saquon Barkley,RB,PHI,RB,6.80,No Matchup,28,17
benjlev,Borehamwood (2025),2025,17,4881,Lamar Jackson,QB,BAL,BN,0.00,No Matchup,28,17
benjlev,Borehamwood (2025),2025,17,4983,DJ Moore,WR,CHI,WR,1.20,No Matchup,28,17
benjlev,Borehamwood (2025),2025,17,7523,Trevor Lawrence,QB,JAX,QB,23.12,No Matchup,25,17
benjlev,Borehamwood (2025),2025,17,7611,Rhamondre Stevenson,RB,NE,FLEX,24.70,No Matchup,27,17
benjlev,Borehamwood (2025),2025,17,8142,Alec Pierce,WR,IND,WR,0.00,No Matchup,25,17
benjlev,Borehamwood (2025),2025,17,8155,Breece Hall,RB,NYJ,BN,19.90,No Matchup,24,17
benjlev,Borehamwood (2025),2025,17,9756,Jordan Addison,WR,MIN,BN,12.50,No Matchup,23,17
benjlev,Borehamwood (2025),2025,17,NYG,New York Giants,DEF,NYG,DEF,19.00,No Matchup,0,17
dpol,Borehamwood (2025),2025,17,11584,Bucky Irving,RB,TB,BN,5.80,AlastairL,22,17
dpol,Borehamwood (2025),2025,17,11655,Tyrone Tracy,RB,NYG,FLEX,6.20,AlastairL,25,17
dpol,Borehamwood (2025),2025,17,12481,Cam Skattebo,RB,NYG,BN,0.00,AlastairL,23,17
dpol,Borehamwood (2025),2025,17,12507,Omarion Hampton,RB,LAC,RB,16.00,AlastairL,22,17
dpol,Borehamwood (2025),2025,17,2216,Mike Evans,WR,TB,WR,10.60,AlastairL,31,17
dpol,Borehamwood (2025),2025,17,3214,Hunter Henry,TE,NE,TE,12.40,AlastairL,30,17
dpol,Borehamwood (2025),2025,17,3257,Jacoby Brissett,QB,ARI,QB,20.48,AlastairL,32,17
dpol,Borehamwood (2025),2025,17,4217,George Kittle,TE,SF,BN,0.00,AlastairL,31,17
dpol,Borehamwood (2025),2025,17,4381,Taysom Hill,TE,NO,BN,0.00,AlastairL,34,17
dpol,Borehamwood (2025),2025,17,5859,A.J. Brown,WR,PHI,BN,9.30,AlastairL,27,17
dpol,Borehamwood (2025),2025,17,5947,Jakobi Meyers,WR,LV,BN,4.90,AlastairL,28,17
dpol,Borehamwood (2025),2025,17,6786,CeeDee Lamb,WR,DAL,WR,7.10,AlastairL,26,17
dpol,Borehamwood (2025),2025,17,6813,Jonathan Taylor,RB,IND,RB,15.90,AlastairL,26,17
dpol,Borehamwood (2025),2025,17,7839,Evan McPherson,K,CIN,K,8.70,AlastairL,25,17
dpol,Borehamwood (2025),2025,17,8126,Wan'Dale Robinson,WR,NYG,BN,16.80,AlastairL,24,17
dpol,Borehamwood (2025),2025,17,8259,Cameron Dicker,K,LAC,BN,3.00,AlastairL,25,17
dpol,Borehamwood (2025),2025,17,9493,Puka Nacua,WR,LAR,WR,13.20,AlastairL,24,17
dpol,Borehamwood (2025),2025,17,NE,New England Patriots,DEF,NE,DEF,8.00,AlastairL,0,17
saulgoat,Borehamwood (2025),2025,17,11539,Jake Bates,K,DET,K,5.80,sanfbe,26,17
saulgoat,Borehamwood (2025),2025,17,11586,Blake Corum,RB,LAR,BN,1.80,sanfbe,24,17
saulgoat,Borehamwood (2025),2025,17,11589,Trey Benson,RB,ARI,BN,0.00,sanfbe,22,17
saulgoat,Borehamwood (2025),2025,17,11632,Malik Nabers,WR,NYG,BN,0.00,sanfbe,21,17
saulgoat,Borehamwood (2025),2025,17,11643,Jaylen Wright,RB,MIA,BN,5.60,sanfbe,22,17
saulgoat,Borehamwood (2025),2025,17,12506,Harold Fannin,TE,CLE,TE,10.00,sanfbe,20,17
saulgoat,Borehamwood (2025),2025,17,12529,TreVeyon Henderson,RB,NE,FLEX,8.20,sanfbe,22,17
saulgoat,Borehamwood (2025),2025,17,2505,Darren Waller,TE,,BN,0.50,sanfbe,32,17
saulgoat,Borehamwood (2025),2025,17,3163,Jared Goff,QB,DET,QB,4.08,sanfbe,30,17
saulgoat,Borehamwood (2025),2025,17,5045,Courtland Sutton,WR,DEN,WR,6.00,sanfbe,29,17
saulgoat,Borehamwood (2025),2025,17,6801,Tee Higgins,WR,CIN,WR,7.90,sanfbe,26,17
saulgoat,Borehamwood (2025),2025,17,7526,Jaylen Waddle,WR,MIA,BN,0.70,sanfbe,26,17
saulgoat,Borehamwood (2025),2025,17,7543,Travis Etienne,RB,JAX,RB,10.20,sanfbe,26,17
saulgoat,Borehamwood (2025),2025,17,7569,Nico Collins,WR,HOU,WR,7.20,sanfbe,26,17
saulgoat,Borehamwood (2025),2025,17,7588,Javonte Williams,RB,DAL,RB,11.40,sanfbe,25,17
saulgoat,Borehamwood (2025),2025,17,7607,Michael Carter,RB,ARI,BN,5.30,sanfbe,26,17
saulgoat,Borehamwood (2025),2025,17,8408,Jordan Mason,RB,MIN,BN,0.00,sanfbe,26,17
saulgoat,Borehamwood (2025),2025,17,BUF,Buffalo Bills,DEF,BUF,DEF,6.00,sanfbe,0,17
drjkay,Borehamwood (2025),2025,17,10236,Dalton Kincaid,TE,BUF,TE,0.00,No Matchup,25,17
drjkay,Borehamwood (2025),2025,17,12489,RJ Harvey,RB,DEN,RB,16.10,No Matchup,24,17
drjkay,Borehamwood (2025),2025,17,12508,Jaxson Dart,QB,NYG,QB,25.08,No Matchup,22,17
drjkay,Borehamwood (2025),2025,17,12512,Quinshon Judkins,RB,CLE,RB,0.00,No Matchup,21,17
drjkay,Borehamwood (2025),2025,17,12514,Emeka Egbuka,WR,TB,BN,3.50,No Matchup,22,17
drjkay,Borehamwood (2025),2025,17,12526,Tetairoa McMillan,WR,CAR,WR,1.00,No Matchup,22,17
drjkay,Borehamwood (2025),2025,17,12711,Tyler Loop,K,BAL,K,11.40,No Matchup,,17
drjkay,Borehamwood (2025),2025,17,3294,Dak Prescott,QB,DAL,BN,26.68,No Matchup,31,17
drjkay,Borehamwood (2025),2025,17,4098,Kareem Hunt,RB,KC,BN,3.80,No Matchup,29,17
drjkay,Borehamwood (2025),2025,17,6806,J.K. Dobbins,RB,DEN,BN,0.00,No Matchup,26,17
drjkay,Borehamwood (2025),2025,17,6819,Michael Pittman,WR,IND,BN,2.60,No Matchup,27,17
drjkay,Borehamwood (2025),2025,17,7567,Kenneth Gainwell,RB,PIT,FLEX,5.30,No Matchup,26,17
drjkay,Borehamwood (2025),2025,17,8137,George Pickens,WR,DAL,WR,9.80,No Matchup,24,17
drjkay,Borehamwood (2025),2025,17,8228,Jaylen Warren,RB,PIT,BN,6.40,No Matchup,26,17
drjkay,Borehamwood (2025),2025,17,9480,Brenton Strange,TE,JAX,BN,6.90,No Matchup,24,17
drjkay,Borehamwood (2025),2025,17,9488,Jaxon Smith-Njigba,WR,SEA,WR,11.70,No Matchup,23,17
drjkay,Borehamwood (2025),2025,17,SEA,Seattle Seahawks,DEF,SEA,DEF,11.00,No Matchup,0,17
AlastairL,Borehamwood (2025),2025,17,11533,Brandon Aubrey,K,DAL,K,17.50,dpol,30,17
AlastairL,Borehamwood (2025),2025,17,11564,Drake Maye,QB,NE,BN,42.44,dpol,22,17
AlastairL,Borehamwood (2025),2025,17,11604,Brock Bowers,TE,LV,BN,0.00,dpol,22,17
AlastairL,Borehamwood (2025),2025,17,12519,Luther Burden,WR,CHI,BN,23.80,dpol,21,17
AlastairL,Borehamwood (2025),2025,17,2449,Stefon Diggs,WR,NE,WR,19.10,dpol,31,17
AlastairL,Borehamwood (2025),2025,17,4034,Christian McCaffrey,RB,SF,RB,26.10,dpol,28,17
AlastairL,Borehamwood (2025),2025,17,421,Matthew Stafford,QB,LAR,QB,16.76,dpol,37,17
AlastairL,Borehamwood (2025),2025,17,5927,Terry McLaurin,WR,WAS,BN,8.80,dpol,29,17
AlastairL,Borehamwood (2025),2025,17,6790,D'Andre Swift,RB,CHI,RB,20.90,dpol,26,17
AlastairL,Borehamwood (2025),2025,17,7002,Juwan Johnson,TE,NO,BN,11.50,dpol,28,17
AlastairL,Borehamwood (2025),2025,17,7547,Amon-Ra St. Brown,WR,DET,WR,10.80,dpol,25,17
AlastairL,Borehamwood (2025),2025,17,7553,Kyle Pitts,TE,ATL,TE,2.60,dpol,24,17
AlastairL,Borehamwood (2025),2025,17,8132,Tyler Allgeier,RB,ATL,BN,2.30,dpol,25,17
AlastairL,Borehamwood (2025),2025,17,8148,Jameson Williams,WR,DET,WR,4.70,dpol,24,17
AlastairL,Borehamwood (2025),2025,17,8150,Kyren Williams,RB,LAR,FLEX,14.50,dpol,24,17
AlastairL,Borehamwood (2025),2025,17,8151,Kenneth Walker,RB,SEA,BN,6.70,dpol,24,17
AlastairL,Borehamwood (2025),2025,17,8154,Brian Robinson,RB,WAS,BN,3.30,dpol,26,17
AlastairL,Borehamwood (2025),2025,17,PIT,Pittsburgh Steelers,DEF,PIT,DEF,11.00,dpol,0,17
GSac,Borehamwood (2025),2025,17,11579,Audric Estime,RB,DEN,BN,16.30,No Matchup,21,17
GSac,Borehamwood (2025),2025,17,11620,Rome Odunze,WR,CHI,BN,0.00,No Matchup,22,17
GSac,Borehamwood (2025),2025,17,11786,Cam Little,K,JAX,K,14.90,No Matchup,21,17
GSac,Borehamwood (2025),2025,17,12476,Devin Neal,RB,NO,BN,0.00,No Matchup,21,17
GSac,Borehamwood (2025),2025,17,12527,Ashton Jeanty,RB,LV,FLEX,8.30,No Matchup,21,17
GSac,Borehamwood (2025),2025,17,12530,Travis Hunter,DB,JAX,BN,0.00,No Matchup,22,17
GSac,Borehamwood (2025),2025,17,2133,Davante Adams,WR,LAR,BN,0.00,No Matchup,32,17
GSac,Borehamwood (2025),2025,17,6904,Jalen Hurts,QB,PHI,QB,10.90,No Matchup,26,17
GSac,Borehamwood (2025),2025,17,7049,Jauan Jennings,WR,SF,WR,11.20,No Matchup,27,17
GSac,Borehamwood (2025),2025,17,7525,DeVonta Smith,WR,PHI,WR,3.50,No Matchup,26,17
GSac,Borehamwood (2025),2025,17,8110,Jake Ferguson,TE,DAL,TE,7.10,No Matchup,26,17
GSac,Borehamwood (2025),2025,17,8134,Khalil Shakir,WR,BUF,BN,6.50,No Matchup,25,17
GSac,Borehamwood (2025),2025,17,8138,James Cook,RB,BUF,RB,8.20,No Matchup,25,17
GSac,Borehamwood (2025),2025,17,8167,Christian Watson,WR,GB,WR,19.80,No Matchup,26,17
GSac,Borehamwood (2025),2025,17,9221,Jahmyr Gibbs,RB,DET,RB,5.40,No Matchup,23,17
GSac,Borehamwood (2025),2025,17,9504,Kayshon Boutte,WR,NE,BN,0.00,No Matchup,23,17
GSac,Borehamwood (2025),2025,17,9508,Tyjae Spears,RB,TEN,BN,0.60,No Matchup,23,17
GSac,Borehamwood (2025),2025,17,JAX,Jacksonville Jaguars,DEF,JAX,DEF,8.00,No Matchup,0,17
sanfbe,Borehamwood (2025),2025,17,10222,Jayden Reed,WR,GB,BN,6.10,saulgoat,25,17
sanfbe,Borehamwood (2025),2025,17,10232,Michael Wilson,WR,ARI,WR,17.40,saulgoat,25,17
sanfbe,Borehamwood (2025),2025,17,10859,Sam LaPorta,TE,DET,BN,0.00,saulgoat,24,17
sanfbe,Borehamwood (2025),2025,17,11627,Troy Franklin,WR,DEN,BN,3.70,saulgoat,22,17
sanfbe,Borehamwood (2025),2025,17,12534,Kyle Monangai,RB,CHI,BN,6.20,saulgoat,22,17
sanfbe,Borehamwood (2025),2025,17,4984,Josh Allen,QB,BUF,QB,23.18,saulgoat,29,17
sanfbe,Borehamwood (2025),2025,17,5022,Dallas Goedert,TE,PHI,TE,8.30,saulgoat,30,17
sanfbe,Borehamwood (2025),2025,17,5189,Eddy Pineiro,K,,K,6.00,saulgoat,29,17
sanfbe,Borehamwood (2025),2025,17,5846,DK Metcalf,WR,PIT,BN,0.00,saulgoat,27,17
sanfbe,Borehamwood (2025),2025,17,5850,Josh Jacobs,RB,GB,FLEX,0.80,saulgoat,27,17
sanfbe,Borehamwood (2025),2025,17,5872,Deebo Samuel,WR,WAS,WR,10.30,saulgoat,29,17
sanfbe,Borehamwood (2025),2025,17,6865,Colby Parkinson,TE,LAR,BN,8.30,saulgoat,26,17
sanfbe,Borehamwood (2025),2025,17,7021,Rico Dowdle,RB,CAR,BN,7.80,saulgoat,26,17
sanfbe,Borehamwood (2025),2025,17,8146,Garrett Wilson,WR,NYJ,BN,0.00,saulgoat,24,17
sanfbe,Borehamwood (2025),2025,17,9509,Bijan Robinson,RB,ATL,RB,37.40,saulgoat,23,17
sanfbe,Borehamwood (2025),2025,17,9753,Zach Charbonnet,RB,SEA,RB,25.20,saulgoat,24,17
sanfbe,Borehamwood (2025),2025,17,9997,Zay Flowers,WR,BAL,WR,11.00,saulgoat,24,17
sanfbe,Borehamwood (2025),2025,17,TB,Tampa Bay Buccaneers,DEF,TB,DEF,4.00,saulgoat,0,17
joshjr11,Borehamwood (2025),2025,18,10229,Rashee Rice,WR,KC,BN,0.00,#N/A,25,18
joshjr11,Borehamwood (2025),2025,18,11631,Brian Thomas,WR,JAX,BN,6.40,#N/A,22,18
joshjr11,Borehamwood (2025),2025,18,12474,Woody Marks,RB,HOU,BN,5.80,#N/A,24,18
joshjr11,Borehamwood (2025),2025,18,3451,Ka'imi Fairbairn,K,HOU,K,27.90,#N/A,31,18
joshjr11,Borehamwood (2025),2025,18,4137,James Conner,RB,ARI,BN,0.00,#N/A,30,18
joshjr11,Borehamwood (2025),2025,18,6770,Joe Burrow,QB,CIN,BN,27.14,#N/A,28,18
joshjr11,Borehamwood (2025),2025,18,6794,Justin Jefferson,WR,MIN,WR,14.40,#N/A,25,18
joshjr11,Borehamwood (2025),2025,18,7564,Ja'Marr Chase,WR,CIN,WR,19.60,#N/A,25,18
joshjr11,Borehamwood (2025),2025,18,7594,Chuba Hubbard,RB,CAR,BN,2.70,#N/A,25,18
joshjr11,Borehamwood (2025),2025,18,8112,Drake London,WR,ATL,FLEX,15.80,#N/A,23,18
joshjr11,Borehamwood (2025),2025,18,8130,Trey McBride,TE,ARI,TE,10.00,#N/A,25,18
joshjr11,Borehamwood (2025),2025,18,8144,Chris Olave,WR,NO,WR,0.00,#N/A,24,18
joshjr11,Borehamwood (2025),2025,18,8183,Brock Purdy,QB,SF,QB,5.18,#N/A,25,18
joshjr11,Borehamwood (2025),2025,18,9224,Chase Brown,RB,CIN,RB,17.00,#N/A,25,18
joshjr11,Borehamwood (2025),2025,18,9226,De'Von Achane,RB,MIA,RB,0.00,#N/A,23,18
joshjr11,Borehamwood (2025),2025,18,CHI,Chicago Bears,DEF,CHI,BN,7.00,#N/A,0,18
joshjr11,Borehamwood (2025),2025,18,DEN,Denver Broncos,DEF,DEN,DEF,22.00,#N/A,0,18
benjlev,Borehamwood (2025),2025,18,11435,Emanuel Wilson,RB,GB,BN,5.30,#N/A,26,18
benjlev,Borehamwood (2025),2025,18,11628,Marvin Harrison,WR,ARI,BN,0.00,#N/A,22,18
benjlev,Borehamwood (2025),2025,18,11635,Ladd McConkey,WR,LAC,WR,0.00,#N/A,23,18
benjlev,Borehamwood (2025),2025,18,1466,Travis Kelce,TE,KC,TE,2.70,#N/A,35,18
benjlev,Borehamwood (2025),2025,18,2747,Jason Myers,K,SEA,K,7.60,#N/A,34,18
benjlev,Borehamwood (2025),2025,18,3198,Derrick Henry,RB,BAL,RB,12.60,#N/A,31,18
benjlev,Borehamwood (2025),2025,18,3321,Tyreek Hill,WR,MIA,BN,0.00,#N/A,31,18
benjlev,Borehamwood (2025),2025,18,4199,Aaron Jones,RB,MIN,BN,0.00,#N/A,30,18
benjlev,Borehamwood (2025),2025,18,4866,Saquon Barkley,RB,PHI,RB,0.00,#N/A,28,18
benjlev,Borehamwood (2025),2025,18,4881,Lamar Jackson,QB,BAL,BN,26.42,#N/A,28,18
benjlev,Borehamwood (2025),2025,18,4983,DJ Moore,WR,CHI,WR,1.60,#N/A,28,18
benjlev,Borehamwood (2025),2025,18,7523,Trevor Lawrence,QB,JAX,QB,29.30,#N/A,25,18
benjlev,Borehamwood (2025),2025,18,7611,Rhamondre Stevenson,RB,NE,FLEX,34.30,#N/A,27,18
benjlev,Borehamwood (2025),2025,18,8142,Alec Pierce,WR,IND,WR,27.20,#N/A,25,18
benjlev,Borehamwood (2025),2025,18,8155,Breece Hall,RB,NYJ,BN,0.00,#N/A,24,18
benjlev,Borehamwood (2025),2025,18,9756,Jordan Addison,WR,MIN,BN,1.30,#N/A,23,18
benjlev,Borehamwood (2025),2025,18,NYG,New York Giants,DEF,NYG,DEF,6.00,#N/A,0,18
dpol,Borehamwood (2025),2025,18,11584,Bucky Irving,RB,TB,BN,10.30,#N/A,22,18
dpol,Borehamwood (2025),2025,18,11655,Tyrone Tracy,RB,NYG,FLEX,23.90,#N/A,25,18
dpol,Borehamwood (2025),2025,18,12481,Cam Skattebo,RB,NYG,BN,0.00,#N/A,23,18
dpol,Borehamwood (2025),2025,18,12507,Omarion Hampton,RB,LAC,RB,0.00,#N/A,22,18
dpol,Borehamwood (2025),2025,18,2216,Mike Evans,WR,TB,WR,4.40,#N/A,31,18
dpol,Borehamwood (2025),2025,18,3214,Hunter Henry,TE,NE,TE,8.10,#N/A,30,18
dpol,Borehamwood (2025),2025,18,3257,Jacoby Brissett,QB,ARI,QB,19.62,#N/A,32,18
dpol,Borehamwood (2025),2025,18,4217,George Kittle,TE,SF,BN,5.40,#N/A,31,18
dpol,Borehamwood (2025),2025,18,4381,Taysom Hill,TE,NO,BN,4.70,#N/A,34,18
dpol,Borehamwood (2025),2025,18,5859,A.J. Brown,WR,PHI,BN,0.00,#N/A,27,18
dpol,Borehamwood (2025),2025,18,5947,Jakobi Meyers,WR,LV,BN,6.90,#N/A,28,18
dpol,Borehamwood (2025),2025,18,6786,CeeDee Lamb,WR,DAL,WR,0.90,#N/A,26,18
dpol,Borehamwood (2025),2025,18,6813,Jonathan Taylor,RB,IND,RB,4.90,#N/A,26,18
dpol,Borehamwood (2025),2025,18,7839,Evan McPherson,K,CIN,K,-2.00,#N/A,25,18
dpol,Borehamwood (2025),2025,18,8126,Wan'Dale Robinson,WR,NYG,BN,0.00,#N/A,24,18
dpol,Borehamwood (2025),2025,18,9493,Puka Nacua,WR,LAR,WR,21.00,#N/A,24,18
dpol,Borehamwood (2025),2025,18,NE,New England Patriots,DEF,NE,DEF,13.00,#N/A,0,18
saulgoat,Borehamwood (2025),2025,18,11539,Jake Bates,K,DET,K,14.60,#N/A,26,18
saulgoat,Borehamwood (2025),2025,18,11586,Blake Corum,RB,LAR,BN,7.40,#N/A,24,18
saulgoat,Borehamwood (2025),2025,18,11589,Trey Benson,RB,ARI,BN,0.00,#N/A,22,18
saulgoat,Borehamwood (2025),2025,18,11632,Malik Nabers,WR,NYG,BN,0.00,#N/A,21,18
saulgoat,Borehamwood (2025),2025,18,11643,Jaylen Wright,RB,MIA,BN,3.00,#N/A,22,18
saulgoat,Borehamwood (2025),2025,18,12506,Harold Fannin,TE,CLE,TE,0.00,#N/A,20,18
saulgoat,Borehamwood (2025),2025,18,12529,TreVeyon Henderson,RB,NE,FLEX,17.30,#N/A,22,18
saulgoat,Borehamwood (2025),2025,18,2505,Darren Waller,TE,,BN,0.00,#N/A,32,18
saulgoat,Borehamwood (2025),2025,18,3163,Jared Goff,QB,DET,QB,17.24,#N/A,30,18
saulgoat,Borehamwood (2025),2025,18,5045,Courtland Sutton,WR,DEN,WR,1.00,#N/A,29,18
saulgoat,Borehamwood (2025),2025,18,6801,Tee Higgins,WR,CIN,WR,15.70,#N/A,26,18
saulgoat,Borehamwood (2025),2025,18,7526,Jaylen Waddle,WR,MIA,BN,0.00,#N/A,26,18
saulgoat,Borehamwood (2025),2025,18,7543,Travis Etienne,RB,JAX,RB,4.30,#N/A,26,18
saulgoat,Borehamwood (2025),2025,18,7569,Nico Collins,WR,HOU,WR,0.00,#N/A,26,18
saulgoat,Borehamwood (2025),2025,18,7588,Javonte Williams,RB,DAL,RB,0.00,#N/A,25,18
saulgoat,Borehamwood (2025),2025,18,7607,Michael Carter,RB,ARI,BN,5.40,#N/A,26,18
saulgoat,Borehamwood (2025),2025,18,8408,Jordan Mason,RB,MIN,BN,9.40,#N/A,26,18
saulgoat,Borehamwood (2025),2025,18,BUF,Buffalo Bills,DEF,BUF,DEF,6.00,#N/A,0,18
drjkay,Borehamwood (2025),2025,18,10236,Dalton Kincaid,TE,BUF,TE,6.30,#N/A,25,18
drjkay,Borehamwood (2025),2025,18,12489,RJ Harvey,RB,DEN,RB,3.80,#N/A,24,18
drjkay,Borehamwood (2025),2025,18,12508,Jaxson Dart,QB,NYG,QB,24.40,#N/A,22,18
drjkay,Borehamwood (2025),2025,18,12512,Quinshon Judkins,RB,CLE,RB,0.00,#N/A,21,18
drjkay,Borehamwood (2025),2025,18,12514,Emeka Egbuka,WR,TB,BN,1.30,#N/A,22,18
drjkay,Borehamwood (2025),2025,18,12526,Tetairoa McMillan,WR,CAR,WR,8.50,#N/A,22,18
drjkay,Borehamwood (2025),2025,18,12711,Tyler Loop,K,BAL,K,7.00,#N/A,,18
drjkay,Borehamwood (2025),2025,18,3294,Dak Prescott,QB,DAL,BN,0.70,#N/A,31,18
drjkay,Borehamwood (2025),2025,18,4098,Kareem Hunt,RB,KC,BN,5.00,#N/A,29,18
drjkay,Borehamwood (2025),2025,18,6806,J.K. Dobbins,RB,DEN,BN,0.00,#N/A,26,18
drjkay,Borehamwood (2025),2025,18,6819,Michael Pittman,WR,IND,BN,2.10,#N/A,27,18
drjkay,Borehamwood (2025),2025,18,7567,Kenneth Gainwell,RB,PIT,FLEX,17.40,#N/A,26,18
drjkay,Borehamwood (2025),2025,18,8137,George Pickens,WR,DAL,WR,1.40,#N/A,24,18
drjkay,Borehamwood (2025),2025,18,8228,Jaylen Warren,RB,PIT,BN,12.40,#N/A,26,18
drjkay,Borehamwood (2025),2025,18,9480,Brenton Strange,TE,JAX,BN,14.20,#N/A,24,18
drjkay,Borehamwood (2025),2025,18,9488,Jaxon Smith-Njigba,WR,SEA,WR,11.40,#N/A,23,18
drjkay,Borehamwood (2025),2025,18,SEA,Seattle Seahawks,DEF,SEA,DEF,13.00,#N/A,0,18
AlastairL,Borehamwood (2025),2025,18,11533,Brandon Aubrey,K,DAL,K,5.00,#N/A,30,18
AlastairL,Borehamwood (2025),2025,18,11560,Caleb Williams,QB,CHI,BN,20.58,#N/A,23,18
AlastairL,Borehamwood (2025),2025,18,11564,Drake Maye,QB,NE,BN,17.74,#N/A,22,18
AlastairL,Borehamwood (2025),2025,18,11604,Brock Bowers,TE,LV,BN,0.00,#N/A,22,18
AlastairL,Borehamwood (2025),2025,18,2449,Stefon Diggs,WR,NE,WR,5.80,#N/A,31,18
AlastairL,Borehamwood (2025),2025,18,4034,Christian McCaffrey,RB,SF,RB,8.70,#N/A,28,18
AlastairL,Borehamwood (2025),2025,18,421,Matthew Stafford,QB,LAR,QB,34.66,#N/A,37,18
AlastairL,Borehamwood (2025),2025,18,6790,D'Andre Swift,RB,CHI,RB,5.30,#N/A,26,18
AlastairL,Borehamwood (2025),2025,18,7002,Juwan Johnson,TE,NO,BN,5.60,#N/A,28,18
AlastairL,Borehamwood (2025),2025,18,7547,Amon-Ra St. Brown,WR,DET,WR,19.40,#N/A,25,18
AlastairL,Borehamwood (2025),2025,18,7553,Kyle Pitts,TE,ATL,TE,8.80,#N/A,24,18
AlastairL,Borehamwood (2025),2025,18,8132,Tyler Allgeier,RB,ATL,BN,2.40,#N/A,25,18
AlastairL,Borehamwood (2025),2025,18,8148,Jameson Williams,WR,DET,WR,10.40,#N/A,24,18
AlastairL,Borehamwood (2025),2025,18,8150,Kyren Williams,RB,LAR,FLEX,9.60,#N/A,24,18
AlastairL,Borehamwood (2025),2025,18,8151,Kenneth Walker,RB,SEA,BN,15.30,#N/A,24,18
AlastairL,Borehamwood (2025),2025,18,8154,Brian Robinson,RB,WAS,BN,0.90,#N/A,26,18
AlastairL,Borehamwood (2025),2025,18,PIT,Pittsburgh Steelers,DEF,PIT,DEF,5.00,#N/A,0,18
GSac,Borehamwood (2025),2025,18,11579,Audric Estime,RB,DEN,BN,13.10,#N/A,21,18
GSac,Borehamwood (2025),2025,18,11620,Rome Odunze,WR,CHI,BN,0.00,#N/A,22,18
GSac,Borehamwood (2025),2025,18,11786,Cam Little,K,JAX,K,16.90,#N/A,21,18
GSac,Borehamwood (2025),2025,18,12476,Devin Neal,RB,NO,BN,0.00,#N/A,21,18
GSac,Borehamwood (2025),2025,18,12527,Ashton Jeanty,RB,LV,FLEX,10.90,#N/A,21,18
GSac,Borehamwood (2025),2025,18,12530,Travis Hunter,DB,JAX,BN,0.00,#N/A,22,18
GSac,Borehamwood (2025),2025,18,2133,Davante Adams,WR,LAR,BN,0.00,#N/A,32,18
GSac,Borehamwood (2025),2025,18,6904,Jalen Hurts,QB,PHI,QB,0.00,#N/A,26,18
GSac,Borehamwood (2025),2025,18,7049,Jauan Jennings,WR,SF,WR,5.50,#N/A,27,18
GSac,Borehamwood (2025),2025,18,7525,DeVonta Smith,WR,PHI,WR,6.70,#N/A,26,18
GSac,Borehamwood (2025),2025,18,8110,Jake Ferguson,TE,DAL,TE,1.00,#N/A,26,18
GSac,Borehamwood (2025),2025,18,8134,Khalil Shakir,WR,BUF,BN,0.00,#N/A,25,18
GSac,Borehamwood (2025),2025,18,8138,James Cook,RB,BUF,RB,1.50,#N/A,25,18
GSac,Borehamwood (2025),2025,18,8167,Christian Watson,WR,GB,WR,0.00,#N/A,26,18
GSac,Borehamwood (2025),2025,18,9221,Jahmyr Gibbs,RB,DET,RB,18.80,#N/A,23,18
GSac,Borehamwood (2025),2025,18,9504,Kayshon Boutte,WR,NE,BN,3.40,#N/A,23,18
GSac,Borehamwood (2025),2025,18,9508,Tyjae Spears,RB,TEN,BN,6.20,#N/A,23,18
GSac,Borehamwood (2025),2025,18,JAX,Jacksonville Jaguars,DEF,JAX,DEF,14.00,#N/A,0,18
sanfbe,Borehamwood (2025),2025,18,10222,Jayden Reed,WR,GB,BN,0.00,#N/A,25,18
sanfbe,Borehamwood (2025),2025,18,10232,Michael Wilson,WR,ARI,WR,18.40,#N/A,25,18
sanfbe,Borehamwood (2025),2025,18,10859,Sam LaPorta,TE,DET,BN,0.00,#N/A,24,18
sanfbe,Borehamwood (2025),2025,18,11627,Troy Franklin,WR,DEN,BN,0.00,#N/A,22,18
sanfbe,Borehamwood (2025),2025,18,12534,Kyle Monangai,RB,CHI,BN,5.40,#N/A,22,18
sanfbe,Borehamwood (2025),2025,18,4984,Josh Allen,QB,BUF,QB,0.00,#N/A,29,18
sanfbe,Borehamwood (2025),2025,18,5022,Dallas Goedert,TE,PHI,TE,0.00,#N/A,30,18
sanfbe,Borehamwood (2025),2025,18,5189,Eddy Pineiro,K,,K,4.80,#N/A,29,18
sanfbe,Borehamwood (2025),2025,18,5846,DK Metcalf,WR,PIT,BN,0.00,#N/A,27,18
sanfbe,Borehamwood (2025),2025,18,5850,Josh Jacobs,RB,GB,FLEX,0.00,#N/A,27,18
sanfbe,Borehamwood (2025),2025,18,5872,Deebo Samuel,WR,WAS,WR,3.10,#N/A,29,18
sanfbe,Borehamwood (2025),2025,18,6865,Colby Parkinson,TE,LAR,BN,17.60,#N/A,26,18
sanfbe,Borehamwood (2025),2025,18,7021,Rico Dowdle,RB,CAR,BN,2.00,#N/A,26,18
sanfbe,Borehamwood (2025),2025,18,8146,Garrett Wilson,WR,NYJ,BN,0.00,#N/A,24,18
sanfbe,Borehamwood (2025),2025,18,9509,Bijan Robinson,RB,ATL,RB,5.80,#N/A,23,18
sanfbe,Borehamwood (2025),2025,18,9753,Zach Charbonnet,RB,SEA,RB,17.20,#N/A,24,18
sanfbe,Borehamwood (2025),2025,18,9997,Zay Flowers,WR,BAL,WR,27.80,#N/A,24,18
sanfbe,Borehamwood (2025),2025,18,TB,Tampa Bay Buccaneers,DEF,TB,DEF,8.00,#N/A,0,18
